,Unnamed: 0_level_0,Unnamed: 1_level_0,Unnamed: 2_level_0,Unnamed: 3_level_0,Playing Time,Playing Time,Playing Time,Playing Time,Performance,Performance,Performance,Performance,Performance,Performance,Performance,Performance,Expected,Expected,Expected,Expected,Progression,Progression,Progression,Per 90 Minutes,Per 90 Minutes,Per 90 Minutes,Per 90 Minutes,Per 90 Minutes,Per 90 Minutes,Per 90 Minutes,Per 90 Minutes,Per 90 Minutes,Per 90 Minutes,Unnamed: 33_level_0,Team,Unnamed: 4_level_0
,Player,Nation,Pos,Age,MP,Starts,Min,90s,Gls,Ast,G+A,G-PK,PK,PKatt,CrdY,CrdR,xG,npxG,xAG,npxG+xAG,PrgC,PrgP,PrgR,Gls,Ast,G+A,G-PK,G+A-PK,xG,xAG,xG+xAG,npxG,npxG+xAG,Matches,,MP
0,William Saliba,fr FRA,DF,22-213,9.0,9,810.0,9.0,0.0,1.0,1.0,0.0,0.0,0.0,0.0,0.0,0.0,0.0,0.1,0.1,2.0,42.0,1.0,0.0,0.11,0.11,0.0,0.11,0.0,0.01,0.01,0.0,0.01,Matches,arsenal,
1,Ben White,eng ENG,DF,26-015,9.0,9,810.0,9.0,1.0,0.0,1.0,1.0,0.0,0.0,2.0,0.0,0.4,0.4,0.9,1.3,15.0,47.0,41.0,0.11,0.0,0.11,0.11,0.11,0.05,0.1,0.14,0.05,0.14,Matches,arsenal,
2,Martin Ødegaard,no NOR,MF,24-310,9.0,9,787.0,8.7,3.0,1.0,4.0,1.0,2.0,2.0,1.0,0.0,2.6,1.0,0.7,1.7,22.0,46.0,51.0,0.34,0.11,0.46,0.11,0.23,0.29,0.08,0.38,0.11,0.2,Matches,arsenal,
3,Declan Rice,eng ENG,MF,24-282,9.0,9,754.0,8.4,2.0,0.0,2.0,2.0,0.0,0.0,0.0,0.0,0.7,0.7,0.9,1.6,13.0,52.0,15.0,0.24,0.0,0.24,0.24,0.24,0.09,0.1,0.19,0.09,0.19,Matches,arsenal,
4,Bukayo Saka,eng ENG,FW,22-048,8.0,8,702.0,7.8,4.0,3.0,7.0,2.0,2.0,2.0,1.0,0.0,4.1,2.5,2.1,4.5,40.0,28.0,104.0,0.51,0.38,0.9,0.26,0.64,0.52,0.26,0.78,0.32,0.58,Matches,arsenal,
5,Eddie Nketiah,eng ENG,FW,24-146,9.0,7,591.0,6.6,2.0,0.0,2.0,2.0,0.0,0.0,2.0,0.0,1.9,1.9,0.2,2.1,11.0,9.0,33.0,0.3,0.0,0.3,0.3,0.3,0.29,0.03,0.32,0.29,0.32,Matches,arsenal,
6,Gabriel Dos Santos,br BRA,DF,25-308,8.0,6,566.0,6.3,0.0,0.0,0.0,0.0,0.0,0.0,1.0,0.0,0.2,0.2,0.0,0.2,1.0,22.0,3.0,0.0,0.0,0.0,0.0,0.0,0.03,0.0,0.03,0.03,0.03,Matches,arsenal,
7,Gabriel Martinelli,br BRA,FW,22-127,7.0,6,478.0,5.3,1.0,2.0,3.0,1.0,0.0,0.0,0.0,0.0,0.8,0.8,0.6,1.4,23.0,18.0,72.0,0.19,0.38,0.56,0.19,0.56,0.15,0.11,0.26,0.15,0.26,Matches,arsenal,
8,Oleksandr Zinchenko,ua UKR,DF,26-312,8.0,6,468.0,5.2,0.0,0.0,0.0,0.0,0.0,0.0,1.0,0.0,0.3,0.3,0.3,0.6,11.0,41.0,9.0,0.0,0.0,0.0,0.0,0.0,0.05,0.06,0.12,0.05,0.12,Matches,arsenal,
9,Kai Havertz,de GER,"MF,FW",24-134,9.0,5,476.0,5.3,1.0,1.0,2.0,0.0,1.0,1.0,3.0,0.0,1.6,0.8,0.7,1.5,8.0,22.0,27.0,0.19,0.19,0.38,0.0,0.19,0.3,0.12,0.43,0.15,0.28,Matches,arsenal,
10,David Raya,es ESP,GK,28-038,5.0,5,450.0,5.0,0.0,0.0,0.0,0.0,0.0,0.0,0.0,0.0,0.0,0.0,0.0,0.0,0.0,0.0,0.0,0.0,0.0,0.0,0.0,0.0,0.0,0.0,0.0,0.0,0.0,Matches,arsenal,
11,Gabriel Jesus,br BRA,FW,26-203,7.0,4,364.0,4.0,1.0,0.0,1.0,1.0,0.0,0.0,2.0,0.0,1.8,1.8,0.2,2.0,11.0,11.0,27.0,0.25,0.0,0.25,0.25,0.25,0.44,0.05,0.49,0.44,0.49,Matches,arsenal,
12,Aaron Ramsdale,eng ENG,GK,25-162,4.0,4,360.0,4.0,0.0,0.0,0.0,0.0,0.0,0.0,0.0,0.0,0.0,0.0,0.0,0.0,0.0,2.0,0.0,0.0,0.0,0.0,0.0,0.0,0.0,0.0,0.0,0.0,0.0,Matches,arsenal,
13,Thomas Partey,gh GHA,"DF,MF",30-132,4.0,3,251.0,2.8,0.0,0.0,0.0,0.0,0.0,0.0,0.0,0.0,0.1,0.1,0.1,0.2,10.0,33.0,4.0,0.0,0.0,0.0,0.0,0.0,0.03,0.04,0.06,0.03,0.06,Matches,arsenal,
14,Jorginho,it ITA,MF,31-307,7.0,2,216.0,2.4,0.0,0.0,0.0,0.0,0.0,0.0,1.0,0.0,0.0,0.0,0.0,0.1,3.0,25.0,1.0,0.0,0.0,0.0,0.0,0.0,0.02,0.01,0.03,0.02,0.03,Matches,arsenal,
15,Fabio Vieira,pt POR,MF,23-146,5.0,2,188.0,2.1,0.0,2.0,2.0,0.0,0.0,0.0,0.0,0.0,0.4,0.4,1.1,1.5,9.0,10.0,21.0,0.0,0.96,0.96,0.0,0.96,0.2,0.51,0.7,0.2,0.7,Matches,arsenal,
16,Leandro Trossard,be BEL,FW,28-323,5.0,2,187.0,2.1,2.0,0.0,2.0,2.0,0.0,0.0,0.0,0.0,0.3,0.3,0.9,1.2,3.0,9.0,13.0,0.96,0.0,0.96,0.96,0.96,0.15,0.41,0.56,0.15,0.56,Matches,arsenal,
17,Takehiro Tomiyasu,jp JPN,DF,24-352,7.0,1,216.0,2.4,0.0,0.0,0.0,0.0,0.0,0.0,2.0,1.0,0.2,0.2,0.0,0.2,1.0,15.0,6.0,0.0,0.0,0.0,0.0,0.0,0.07,0.0,0.07,0.07,0.07,Matches,arsenal,
18,Jakub Kiwior,pl POL,DF,23-250,2.0,1,92.0,1.0,0.0,0.0,0.0,0.0,0.0,0.0,0.0,0.0,0.4,0.4,0.0,0.4,0.0,8.0,4.0,0.0,0.0,0.0,0.0,0.0,0.41,0.0,0.41,0.41,0.41,Matches,arsenal,
19,Jurriën Timber,nl NED,DF,22-128,1.0,1,49.0,0.5,0.0,0.0,0.0,0.0,0.0,0.0,1.0,0.0,0.0,0.0,0.0,0.0,0.0,7.0,3.0,0.0,0.0,0.0,0.0,0.0,0.0,0.0,0.0,0.0,0.0,Matches,arsenal,
20,Reiss Nelson,eng ENG,FW,23-317,3.0,0,37.0,0.4,0.0,0.0,0.0,0.0,0.0,0.0,0.0,0.0,0.0,0.0,0.5,0.5,2.0,0.0,5.0,0.0,0.0,0.0,0.0,0.0,0.06,1.14,1.19,0.06,1.19,Matches,arsenal,
21,Emile Smith Rowe,eng ENG,MF,23-087,3.0,0,34.0,0.4,0.0,0.0,0.0,0.0,0.0,0.0,0.0,0.0,0.5,0.5,0.0,0.5,1.0,1.0,1.0,0.0,0.0,0.0,0.0,0.0,1.21,0.0,1.21,1.21,1.21,Matches,arsenal,
22,Mohamed Elneny,eg EGY,MF,31-104,0.0,0,,,,,,,,,,,,,,,,,,,,,,,,,,,,Matches,arsenal,
23,Karl Jakob Hein,ee EST,GK,21-193,0.0,0,,,,,,,,,,,,,,,,,,,,,,,,,,,,Matches,arsenal,
24,Cédric Soares,pt POR,"DF,MF",32-053,0.0,0,,,,,,,,,,,,,,,,,,,,,,,,,,,,Matches,arsenal,
25,Ezri Konsa,eng ENG,DF,26-000,9.0,9,810.0,9.0,0.0,0.0,0.0,0.0,0.0,0.0,1.0,0.0,0.6,0.6,0.0,0.6,4.0,18.0,5.0,0.0,0.0,0.0,0.0,0.0,0.06,0.0,0.06,0.06,0.06,Matches,aston_villa,
26,Lucas Digne,fr FRA,DF,30-095,9.0,9,800.0,8.9,0.0,2.0,2.0,0.0,0.0,0.0,4.0,0.0,0.2,0.2,1.4,1.5,13.0,28.0,85.0,0.0,0.23,0.23,0.0,0.23,0.02,0.15,0.17,0.02,0.17,Matches,aston_villa,
27,Matty Cash,pl POL,"DF,MF",26-077,9.0,9,797.0,8.9,2.0,1.0,3.0,2.0,0.0,0.0,2.0,0.0,2.9,2.9,0.5,3.4,22.0,21.0,30.0,0.23,0.11,0.34,0.23,0.34,0.33,0.05,0.38,0.33,0.38,Matches,aston_villa,
28,Ollie Watkins,eng ENG,FW,27-297,9.0,9,768.0,8.5,5.0,5.0,10.0,5.0,0.0,0.0,0.0,0.0,4.2,4.2,2.2,6.4,17.0,13.0,48.0,0.59,0.59,1.17,0.59,1.17,0.49,0.26,0.75,0.49,0.75,Matches,aston_villa,
29,Boubacar Kamara,fr FRA,MF,23-334,9.0,9,766.0,8.5,0.0,0.0,0.0,0.0,0.0,0.0,2.0,0.0,0.1,0.1,0.8,0.8,7.0,34.0,2.0,0.0,0.0,0.0,0.0,0.0,0.01,0.09,0.1,0.01,0.1,Matches,aston_villa,
30,Douglas Luiz,br BRA,MF,25-167,9.0,9,759.0,8.4,5.0,0.0,5.0,2.0,3.0,3.0,4.0,0.0,3.2,0.8,0.6,1.4,17.0,49.0,20.0,0.59,0.0,0.59,0.24,0.24,0.38,0.07,0.45,0.1,0.17,Matches,aston_villa,
31,John McGinn,sct SCO,"MF,FW",29-005,9.0,9,747.0,8.3,1.0,2.0,3.0,1.0,0.0,0.0,2.0,0.0,0.9,0.9,1.2,2.1,11.0,49.0,24.0,0.12,0.24,0.36,0.12,0.36,0.11,0.15,0.26,0.11,0.26,Matches,aston_villa,
32,Moussa Diaby,fr FRA,"MF,FW",24-108,9.0,9,704.0,7.8,2.0,3.0,5.0,2.0,0.0,0.0,0.0,0.0,1.6,1.6,3.1,4.8,31.0,27.0,54.0,0.26,0.38,0.64,0.26,0.64,0.21,0.4,0.61,0.21,0.61,Matches,aston_villa,
33,Pau Torres,es ESP,DF,26-280,9.0,8,780.0,8.7,1.0,0.0,1.0,1.0,0.0,0.0,0.0,0.0,0.4,0.4,0.1,0.4,11.0,39.0,6.0,0.12,0.0,0.12,0.12,0.12,0.04,0.01,0.05,0.04,0.05,Matches,aston_villa,
34,Emiliano Martínez,ar ARG,GK,31-051,8.0,8,720.0,8.0,0.0,0.0,0.0,0.0,0.0,0.0,2.0,0.0,0.0,0.0,0.0,0.0,0.0,0.0,0.0,0.0,0.0,0.0,0.0,0.0,0.0,0.0,0.0,0.0,0.0,Matches,aston_villa,
35,Nicolò Zaniolo,it ITA,"FW,MF",24-113,7.0,4,334.0,3.7,0.0,0.0,0.0,0.0,0.0,0.0,1.0,0.0,0.6,0.6,0.6,1.2,17.0,13.0,25.0,0.0,0.0,0.0,0.0,0.0,0.16,0.17,0.33,0.16,0.33,Matches,aston_villa,
36,Diego Carlos,br BRA,DF,30-222,5.0,3,252.0,2.8,0.0,0.0,0.0,0.0,0.0,0.0,0.0,0.0,0.4,0.4,0.0,0.4,0.0,9.0,0.0,0.0,0.0,0.0,0.0,0.0,0.13,0.0,0.13,0.13,0.13,Matches,aston_villa,
37,Leon Bailey,jm JAM,"FW,MF",26-075,7.0,2,227.0,2.5,3.0,1.0,4.0,3.0,0.0,0.0,1.0,0.0,1.4,1.4,1.0,2.3,15.0,10.0,22.0,1.19,0.4,1.59,1.19,1.59,0.55,0.38,0.93,0.55,0.93,Matches,aston_villa,
38,Robin Olsen,se SWE,GK,33-288,1.0,1,90.0,1.0,0.0,0.0,0.0,0.0,0.0,0.0,0.0,0.0,0.0,0.0,0.0,0.0,0.0,0.0,0.0,0.0,0.0,0.0,0.0,0.0,0.0,0.0,0.0,0.0,0.0,Matches,aston_villa,
39,Tyrone Mings,eng ENG,DF,30-224,1.0,1,30.0,0.3,0.0,0.0,0.0,0.0,0.0,0.0,0.0,0.0,0.0,0.0,0.0,0.0,0.0,0.0,0.0,0.0,0.0,0.0,0.0,0.0,0.02,0.07,0.09,0.02,0.09,Matches,aston_villa,
40,Youri Tielemans,be BEL,"MF,FW",26-169,9.0,0,156.0,1.7,0.0,1.0,1.0,0.0,0.0,0.0,0.0,0.0,0.1,0.1,0.3,0.4,5.0,16.0,5.0,0.0,0.58,0.58,0.0,0.58,0.04,0.19,0.24,0.04,0.24,Matches,aston_villa,
41,Jhon Durán,co COL,"FW,MF",19-314,6.0,0,73.0,0.8,2.0,0.0,2.0,2.0,0.0,0.0,2.0,0.0,0.7,0.7,0.0,0.7,4.0,2.0,4.0,2.47,0.0,2.47,2.47,2.47,0.9,0.02,0.91,0.9,0.91,Matches,aston_villa,
42,Jacob Ramsey,eng ENG,"FW,MF",22-148,2.0,0,50.0,0.6,1.0,0.0,1.0,1.0,0.0,0.0,0.0,0.0,0.2,0.2,0.0,0.2,4.0,2.0,0.0,1.8,0.0,1.8,1.8,1.8,0.34,0.0,0.34,0.34,0.34,Matches,aston_villa,
43,Philippe Coutinho,br BRA,"MF,FW",31-133,2.0,0,25.0,0.3,0.0,0.0,0.0,0.0,0.0,0.0,0.0,0.0,0.1,0.1,0.0,0.1,5.0,5.0,2.0,0.0,0.0,0.0,0.0,0.0,0.52,0.0,0.52,0.52,0.52,Matches,aston_villa,
44,Bertrand Traoré,bf BFA,DF,28-047,1.0,0,10.0,0.1,0.0,0.0,0.0,0.0,0.0,0.0,0.0,0.0,0.0,0.0,0.0,0.0,0.0,0.0,0.0,0.0,0.0,0.0,0.0,0.0,0.0,0.0,0.0,0.0,0.0,Matches,aston_villa,
45,Cameron Archer,eng ENG,MF,22-094,1.0,0,6.0,0.1,0.0,0.0,0.0,0.0,0.0,0.0,1.0,0.0,0.0,0.0,0.0,0.0,1.0,0.0,0.0,0.0,0.0,0.0,0.0,0.0,0.0,0.0,0.0,0.0,0.0,Matches,aston_villa,
46,Jaden Philogene Bidace,eng ENG,FW,21-257,1.0,0,4.0,0.0,0.0,0.0,0.0,0.0,0.0,0.0,0.0,0.0,0.0,0.0,0.0,0.0,2.0,0.0,1.0,0.0,0.0,0.0,0.0,0.0,0.0,0.0,0.0,0.0,0.0,Matches,aston_villa,
47,Leander Dendoncker,be BEL,"MF,FW",28-191,2.0,0,2.0,0.0,0.0,0.0,0.0,0.0,0.0,0.0,0.0,0.0,0.0,0.0,0.0,0.0,0.0,0.0,0.0,0.0,0.0,0.0,0.0,0.0,0.0,0.0,0.0,0.0,0.0,Matches,aston_villa,
48,Calum Chambers,eng ENG,"DF,MF",28-276,0.0,0,,,,,,,,,,,,,,,,,,,,,,,,,,,,Matches,aston_villa,
49,Omari Kellyman,eng ENG,MF,,0.0,0,,,,,,,,,,,,,,,,,,,,,,,,,,,,Matches,aston_villa,
50,Clément Lenglet,fr FRA,DF,28-128,0.0,0,,,,,,,,,,,,,,,,,,,,,,,,,,,,Matches,aston_villa,
51,Filip Marshall,eng ENG,GK,20-182,0.0,0,,,,,,,,,,,,,,,,,,,,,,,,,,,,Matches,aston_villa,
52,Álex Moreno,es ESP,"DF,MF",30-137,0.0,0,,,,,,,,,,,,,,,,,,,,,,,,,,,,Matches,aston_villa,
53,Oliwier Zych,pl POL,GK,19-117,0.0,0,,,,,,,,,,,,,,,,,,,,,,,,,,,,Matches,aston_villa,
54,Neto,br BRA,GK,34-096,,9,810.0,9.0,0.0,0.0,0.0,0.0,0.0,0.0,3.0,0.0,0.0,0.0,0.0,0.0,0.0,0.0,0.0,0.0,0.0,0.0,0.0,0.0,0.0,0.0,0.0,0.0,0.0,Matches,bournemouth,9.0
55,Illia Zabarnyi,ua UKR,DF,21-052,,9,810.0,9.0,0.0,0.0,0.0,0.0,0.0,0.0,2.0,0.0,0.3,0.3,0.0,0.3,7.0,26.0,0.0,0.0,0.0,0.0,0.0,0.0,0.03,0.0,0.03,0.03,0.03,Matches,bournemouth,9.0
56,Dominic Solanke,eng ENG,FW,26-039,,9,804.0,8.9,4.0,1.0,5.0,4.0,0.0,0.0,1.0,0.0,3.5,3.5,0.5,4.1,15.0,13.0,43.0,0.45,0.11,0.56,0.45,0.56,0.39,0.06,0.45,0.39,0.45,Matches,bournemouth,9.0
57,Philip Billing,dk DEN,MF,27-134,,9,780.0,8.7,0.0,1.0,1.0,0.0,0.0,0.0,0.0,0.0,1.4,1.4,0.9,2.3,11.0,27.0,19.0,0.0,0.12,0.12,0.0,0.12,0.16,0.11,0.27,0.16,0.27,Matches,bournemouth,9.0
58,Milos Kerkez,hu HUN,DF,19-350,,9,755.0,8.4,0.0,0.0,0.0,0.0,0.0,0.0,1.0,0.0,0.1,0.1,0.1,0.1,16.0,14.0,31.0,0.0,0.0,0.0,0.0,0.0,0.01,0.01,0.02,0.01,0.02,Matches,bournemouth,9.0
59,Max Aarons,eng ENG,DF,23-292,,8,709.0,7.9,0.0,0.0,0.0,0.0,0.0,0.0,1.0,0.0,0.0,0.0,0.2,0.3,12.0,23.0,14.0,0.0,0.0,0.0,0.0,0.0,0.0,0.03,0.03,0.0,0.03,Matches,bournemouth,9.0
60,Ryan Christie,sct SCO,MF,28-243,,8,603.0,6.7,0.0,1.0,1.0,0.0,0.0,0.0,0.0,0.0,0.4,0.4,1.1,1.5,14.0,23.0,29.0,0.0,0.15,0.15,0.0,0.15,0.06,0.16,0.22,0.06,0.22,Matches,bournemouth,9.0
61,Lewis Cook,eng ENG,MF,26-262,,6,523.0,5.8,0.0,0.0,0.0,0.0,0.0,0.0,0.0,1.0,0.1,0.1,0.2,0.3,3.0,19.0,2.0,0.0,0.0,0.0,0.0,0.0,0.01,0.04,0.05,0.01,0.05,Matches,bournemouth,7.0
62,Marcos Senesi,ar ARG,DF,26-166,,5,443.0,4.9,0.0,1.0,1.0,0.0,0.0,0.0,1.0,0.0,0.0,0.0,0.2,0.2,9.0,23.0,0.0,0.0,0.2,0.2,0.0,0.2,0.0,0.04,0.04,0.0,0.04,Matches,bournemouth,8.0
63,Marcus Tavernier,eng ENG,FW,24-215,,5,376.0,4.2,0.0,1.0,1.0,0.0,0.0,0.0,0.0,0.0,0.1,0.1,1.2,1.3,15.0,8.0,15.0,0.0,0.24,0.24,0.0,0.24,0.03,0.28,0.31,0.03,0.31,Matches,bournemouth,6.0
64,Lloyd Kelly,eng ENG,DF,25-017,,4,367.0,4.1,0.0,0.0,0.0,0.0,0.0,0.0,1.0,0.0,0.0,0.0,0.1,0.1,6.0,12.0,3.0,0.0,0.0,0.0,0.0,0.0,0.0,0.02,0.02,0.0,0.02,Matches,bournemouth,5.0
65,Justin Kluivert,nl NED,FW,24-171,,4,337.0,3.7,0.0,0.0,0.0,0.0,0.0,0.0,0.0,0.0,0.4,0.4,0.2,0.6,10.0,13.0,25.0,0.0,0.0,0.0,0.0,0.0,0.1,0.06,0.16,0.1,0.16,Matches,bournemouth,7.0
66,Joe Rothwell,eng ENG,MF,28-285,,3,305.0,3.4,0.0,0.0,0.0,0.0,0.0,0.0,0.0,0.0,0.1,0.1,0.1,0.2,5.0,14.0,3.0,0.0,0.0,0.0,0.0,0.0,0.03,0.02,0.05,0.03,0.05,Matches,bournemouth,6.0
67,Antoine Semenyo,gh GHA,"FW,MF",23-289,,3,257.0,2.9,1.0,0.0,1.0,1.0,0.0,0.0,1.0,0.0,0.7,0.7,0.2,0.9,10.0,6.0,17.0,0.35,0.0,0.35,0.35,0.35,0.24,0.08,0.32,0.24,0.32,Matches,bournemouth,6.0
68,David Brooks,wls WAL,"FW,MF",26-107,,2,229.0,2.5,1.0,0.0,1.0,1.0,0.0,0.0,1.0,0.0,1.5,1.5,0.6,2.1,5.0,16.0,18.0,0.39,0.0,0.39,0.39,0.39,0.58,0.23,0.81,0.58,0.81,Matches,bournemouth,8.0
69,Dango Ouattara,bf BFA,FW,21-254,,2,194.0,2.2,0.0,0.0,0.0,0.0,0.0,0.0,0.0,0.0,0.4,0.4,0.2,0.5,4.0,3.0,17.0,0.0,0.0,0.0,0.0,0.0,0.17,0.07,0.25,0.17,0.25,Matches,bournemouth,5.0
70,Jaidon Anthony,eng ENG,FW,23-326,,2,152.0,1.7,0.0,0.0,0.0,0.0,0.0,0.0,1.0,0.0,0.1,0.1,0.0,0.1,2.0,8.0,9.0,0.0,0.0,0.0,0.0,0.0,0.04,0.0,0.04,0.04,0.04,Matches,bournemouth,3.0
71,Adam Smith,eng ENG,DF,32-177,,1,93.0,1.0,0.0,0.0,0.0,0.0,0.0,0.0,0.0,0.0,0.0,0.0,0.0,0.0,1.0,10.0,2.0,0.0,0.0,0.0,0.0,0.0,0.0,0.04,0.04,0.0,0.04,Matches,bournemouth,2.0
72,Alex Scott,eng ENG,MF,20-063,,1,56.0,0.6,0.0,0.0,0.0,0.0,0.0,0.0,1.0,0.0,0.0,0.0,0.0,0.0,1.0,2.0,0.0,0.0,0.0,0.0,0.0,0.0,0.0,0.0,0.0,0.0,0.0,Matches,bournemouth,1.0
73,Kieffer Moore,wls WAL,"FW,MF",31-076,,0,88.0,1.0,0.0,0.0,0.0,0.0,0.0,0.0,0.0,0.0,0.5,0.5,0.2,0.7,1.0,3.0,13.0,0.0,0.0,0.0,0.0,0.0,0.5,0.22,0.72,0.5,0.72,Matches,bournemouth,5.0
74,Luis Sinisterra,co COL,"FW,MF",24-128,,0,84.0,0.9,0.0,0.0,0.0,0.0,0.0,0.0,0.0,0.0,0.0,0.0,0.3,0.3,4.0,5.0,8.0,0.0,0.0,0.0,0.0,0.0,0.0,0.27,0.27,0.0,0.27,Matches,bournemouth,3.0
75,Hamed Junior Traorè,ci CIV,MF,23-249,,0,47.0,0.5,0.0,0.0,0.0,0.0,0.0,0.0,0.0,0.0,0.2,0.2,0.0,0.2,2.0,3.0,4.0,0.0,0.0,0.0,0.0,0.0,0.34,0.07,0.41,0.34,0.41,Matches,bournemouth,3.0
76,Chris Mepham,wls WAL,DF,25-352,,0,35.0,0.4,0.0,0.0,0.0,0.0,0.0,0.0,1.0,0.0,0.0,0.0,0.0,0.0,1.0,2.0,0.0,0.0,0.0,0.0,0.0,0.0,0.0,0.05,0.05,0.0,0.05,Matches,bournemouth,2.0
77,James Hill,eng ENG,DF,21-286,,0,16.0,0.2,0.0,0.0,0.0,0.0,0.0,0.0,0.0,0.0,0.0,0.0,0.0,0.0,0.0,3.0,1.0,0.0,0.0,0.0,0.0,0.0,0.0,0.0,0.0,0.0,0.0,Matches,bournemouth,1.0
78,Ben Greenwood,ie IRL,DF,20-245,,0,,,,,,,,,,,,,,,,,,,,,,,,,,,,Matches,bournemouth,0.0
79,Gavin Kilkenny,ie IRL,MF,23-264,,0,,,,,,,,,,,,,,,,,,,,,,,,,,,,Matches,bournemouth,0.0
80,Ionuț Radu,ro ROU,GK,26-148,,0,,,,,,,,,,,,,,,,,,,,,,,,,,,,Matches,bournemouth,0.0
81,Bryan Mbeumo,cm CMR,"FW,DF",24-077,9.0,9,810.0,9.0,5.0,1.0,6.0,3.0,2.0,2.0,1.0,0.0,5.1,3.5,2.1,5.7,28.0,39.0,82.0,0.56,0.11,0.67,0.33,0.44,0.57,0.24,0.81,0.39,0.63,Matches,brentford,
82,Ethan Pinnock,jm JAM,DF,30-147,9.0,9,810.0,9.0,0.0,0.0,0.0,0.0,0.0,0.0,0.0,0.0,0.8,0.8,0.9,1.7,4.0,28.0,6.0,0.0,0.0,0.0,0.0,0.0,0.09,0.1,0.19,0.09,0.19,Matches,brentford,
83,Christian Nørgaard,dk DEN,MF,29-227,9.0,9,760.0,8.4,1.0,1.0,2.0,1.0,0.0,0.0,2.0,0.0,1.6,1.6,0.8,2.4,2.0,54.0,16.0,0.12,0.12,0.24,0.12,0.24,0.18,0.1,0.28,0.18,0.28,Matches,brentford,
84,Yoane Wissa,cd COD,FW,27-050,9.0,9,758.0,8.4,3.0,1.0,4.0,3.0,0.0,0.0,1.0,0.0,4.4,4.4,0.9,5.3,17.0,11.0,41.0,0.36,0.12,0.47,0.36,0.47,0.52,0.11,0.63,0.52,0.63,Matches,brentford,
85,Vitaly Janelt,de GER,"MF,DF",25-166,9.0,9,718.0,8.0,0.0,1.0,1.0,0.0,0.0,0.0,2.0,0.0,0.3,0.3,0.7,1.0,2.0,32.0,25.0,0.0,0.13,0.13,0.0,0.13,0.04,0.09,0.13,0.04,0.13,Matches,brentford,
86,Mathias Jensen,dk DEN,MF,27-295,9.0,9,693.0,7.7,3.0,1.0,4.0,3.0,0.0,0.0,2.0,0.0,0.4,0.4,1.5,2.0,5.0,36.0,27.0,0.39,0.13,0.52,0.39,0.52,0.05,0.2,0.25,0.05,0.25,Matches,brentford,
87,Nathan Collins,ie IRL,DF,22-176,9.0,8,730.0,8.1,0.0,1.0,1.0,0.0,0.0,0.0,2.0,0.0,0.3,0.3,0.8,1.1,3.0,31.0,4.0,0.0,0.12,0.12,0.0,0.12,0.04,0.1,0.14,0.04,0.14,Matches,brentford,
88,Mark Flekken,nl NED,GK,30-132,8.0,8,720.0,8.0,0.0,0.0,0.0,0.0,0.0,0.0,1.0,0.0,0.0,0.0,0.0,0.0,0.0,1.0,0.0,0.0,0.0,0.0,0.0,0.0,0.0,0.0,0.0,0.0,0.0,Matches,brentford,
89,Aaron Hickey,sct SCO,DF,21-135,8.0,8,630.0,7.0,0.0,0.0,0.0,0.0,0.0,0.0,5.0,0.0,0.2,0.2,0.1,0.3,8.0,19.0,11.0,0.0,0.0,0.0,0.0,0.0,0.03,0.01,0.04,0.03,0.04,Matches,brentford,
90,Rico Henry,eng ENG,DF,26-107,5.0,5,401.0,4.5,0.0,1.0,1.0,0.0,0.0,0.0,1.0,0.0,0.1,0.1,1.0,1.1,13.0,20.0,12.0,0.0,0.22,0.22,0.0,0.22,0.02,0.22,0.24,0.02,0.24,Matches,brentford,
91,Kristoffer Ajer,no NOR,DF,25-189,7.0,4,378.0,4.2,0.0,1.0,1.0,0.0,0.0,0.0,1.0,0.0,0.6,0.6,1.2,1.8,9.0,11.0,13.0,0.0,0.24,0.24,0.0,0.24,0.14,0.29,0.43,0.14,0.43,Matches,brentford,
92,Kevin Schade,de GER,"FW,MF",21-330,5.0,3,257.0,2.9,1.0,0.0,1.0,1.0,0.0,0.0,0.0,0.0,0.7,0.7,0.4,1.1,3.0,9.0,18.0,0.35,0.0,0.35,0.35,0.35,0.25,0.15,0.4,0.25,0.4,Matches,brentford,
93,Mads Roerslev,dk DEN,DF,24-121,7.0,2,248.0,2.8,0.0,0.0,0.0,0.0,0.0,0.0,0.0,0.0,0.0,0.0,0.2,0.3,9.0,10.0,14.0,0.0,0.0,0.0,0.0,0.0,0.01,0.08,0.1,0.01,0.1,Matches,brentford,
94,Keane Lewis-Potter,eng ENG,FW,22-243,6.0,2,222.0,2.5,0.0,0.0,0.0,0.0,0.0,0.0,0.0,0.0,1.0,1.0,0.1,1.1,12.0,6.0,31.0,0.0,0.0,0.0,0.0,0.0,0.39,0.05,0.43,0.39,0.43,Matches,brentford,
95,Ben Mee,eng ENG,DF,34-032,2.0,2,151.0,1.7,0.0,0.0,0.0,0.0,0.0,0.0,0.0,0.0,0.0,0.0,0.1,0.1,1.0,6.0,1.0,0.0,0.0,0.0,0.0,0.0,0.0,0.07,0.07,0.0,0.07,Matches,brentford,
96,Frank Onyeka,ng NGA,MF,25-295,7.0,1,215.0,2.4,0.0,0.0,0.0,0.0,0.0,0.0,2.0,0.0,0.5,0.5,0.9,1.4,3.0,9.0,18.0,0.0,0.0,0.0,0.0,0.0,0.19,0.38,0.57,0.19,0.57,Matches,brentford,
97,Neal Maupay,fr FRA,FW,27-070,4.0,1,143.0,1.6,0.0,1.0,1.0,0.0,0.0,0.0,1.0,0.0,1.1,1.1,0.1,1.2,2.0,3.0,10.0,0.0,0.63,0.63,0.0,0.63,0.69,0.06,0.75,0.69,0.75,Matches,brentford,
98,Thomas Strakosha,al ALB,GK,28-218,1.0,1,90.0,1.0,0.0,0.0,0.0,0.0,0.0,0.0,0.0,0.0,0.0,0.0,0.0,0.0,0.0,0.0,0.0,0.0,0.0,0.0,0.0,0.0,0.0,0.0,0.0,0.0,0.0,Matches,brentford,
99,Saman Ghoddos,ir IRN,"DF,MF",30-047,4.0,0,55.0,0.6,1.0,0.0,1.0,1.0,0.0,0.0,2.0,0.0,0.1,0.1,0.3,0.4,4.0,7.0,2.0,1.64,0.0,1.64,1.64,1.64,0.17,0.54,0.7,0.17,0.7,Matches,brentford,
100,Mikkel Damsgaard,dk DEN,"MF,FW",23-112,2.0,0,54.0,0.6,0.0,0.0,0.0,0.0,0.0,0.0,0.0,0.0,0.1,0.1,0.0,0.1,0.0,4.0,0.0,0.0,0.0,0.0,0.0,0.0,0.12,0.0,0.12,0.12,0.12,Matches,brentford,
101,Shandon Baptiste,gd GRN,MF,25-198,1.0,0,19.0,0.2,0.0,0.0,0.0,0.0,0.0,0.0,0.0,0.0,0.0,0.0,0.0,0.0,0.0,0.0,0.0,0.0,0.0,0.0,0.0,0.0,0.0,0.0,0.0,0.0,0.0,Matches,brentford,
102,Michael Olakigbe,eng ENG,"FW,MF",19-181,4.0,0,16.0,0.2,0.0,0.0,0.0,0.0,0.0,0.0,0.0,0.0,0.1,0.1,0.0,0.1,6.0,3.0,10.0,0.0,0.0,0.0,0.0,0.0,0.57,0.0,0.57,0.57,0.57,Matches,brentford,
103,Yehor Yarmoliuk,ua UKR,MF,19-236,1.0,0,15.0,0.2,0.0,0.0,0.0,0.0,0.0,0.0,0.0,0.0,,,,,,,,0.0,0.0,0.0,0.0,0.0,,,,,,Matches,brentford,
104,Josh Dasilva,eng ENG,MF,25-000,1.0,0,10.0,0.1,0.0,0.0,0.0,0.0,0.0,0.0,0.0,0.0,0.0,0.0,0.0,0.0,0.0,0.0,0.0,0.0,0.0,0.0,0.0,0.0,0.0,0.0,0.0,0.0,0.0,Matches,brentford,
105,Mathias Jørgensen,dk DEN,DF,33-183,1.0,0,7.0,0.1,0.0,0.0,0.0,0.0,0.0,0.0,0.0,0.0,0.0,0.0,0.3,0.3,0.0,1.0,1.0,0.0,0.0,0.0,0.0,0.0,0.0,4.48,4.48,0.0,4.48,Matches,brentford,
106,Ellery Balcombe,eng ENG,GK,24-008,0.0,0,,,,,,,,,,,,,,,,,,,,,,,,,,,,Matches,brentford,
107,Ethan Brierley,eng ENG,MF,19-334,0.0,0,,,,,,,,,,,,,,,,,,,,,,,,,,,,Matches,brentford,
108,Kim Jisoo,kr KOR,DF,18-303,0.0,0,,,,,,,,,,,,,,,,,,,,,,,,,,,,Matches,brentford,
109,Lewis Dunk,eng ENG,DF,31-336,9.0,9,810.0,9.0,1.0,0.0,1.0,1.0,0.0,0.0,2.0,0.0,1.3,1.3,0.1,1.4,16.0,52.0,3.0,0.11,0.0,0.11,0.11,0.11,0.14,0.01,0.16,0.14,0.16,Matches,brighton,
110,Kaoru Mitoma,jp JPN,FW,26-156,9.0,8,755.0,8.4,3.0,3.0,6.0,3.0,0.0,0.0,3.0,0.0,2.4,2.4,1.5,3.9,54.0,19.0,100.0,0.36,0.36,0.72,0.36,0.72,0.29,0.18,0.46,0.29,0.46,Matches,brighton,
111,Pascal Groß,de GER,MF,32-130,7.0,7,618.0,6.9,2.0,0.0,2.0,2.0,0.0,0.0,1.0,0.0,1.2,1.2,1.1,2.3,10.0,53.0,31.0,0.29,0.0,0.29,0.29,0.29,0.18,0.16,0.34,0.18,0.34,Matches,brighton,
112,Solly March,eng ENG,"FW,DF",29-095,7.0,7,554.0,6.2,3.0,1.0,4.0,3.0,0.0,0.0,1.0,0.0,2.0,2.0,1.0,2.9,14.0,24.0,44.0,0.49,0.16,0.65,0.49,0.65,0.32,0.16,0.47,0.32,0.47,Matches,brighton,
113,Danny Welbeck,eng ENG,"FW,MF",32-331,8.0,7,408.0,4.5,1.0,0.0,1.0,1.0,0.0,0.0,1.0,0.0,1.1,1.1,0.3,1.4,8.0,11.0,21.0,0.22,0.0,0.22,0.22,0.22,0.24,0.06,0.3,0.24,0.3,Matches,brighton,
114,Pervis Estupiñán,ec ECU,DF,25-275,6.0,6,495.0,5.5,1.0,3.0,4.0,1.0,0.0,0.0,2.0,0.0,0.9,0.9,2.8,3.6,22.0,41.0,36.0,0.18,0.55,0.73,0.18,0.73,0.16,0.5,0.66,0.16,0.66,Matches,brighton,
115,Joël Veltman,nl NED,DF,31-281,9.0,5,560.0,6.2,0.0,1.0,1.0,0.0,0.0,0.0,1.0,0.0,0.1,0.1,0.4,0.4,6.0,21.0,11.0,0.0,0.16,0.16,0.0,0.16,0.01,0.06,0.07,0.01,0.07,Matches,brighton,
116,Billy Gilmour,sct SCO,MF,22-134,8.0,5,461.0,5.1,0.0,1.0,1.0,0.0,0.0,0.0,1.0,0.0,0.3,0.3,1.5,1.7,7.0,39.0,10.0,0.0,0.2,0.2,0.0,0.2,0.05,0.29,0.34,0.05,0.34,Matches,brighton,
117,Jason Steele,eng ENG,GK,33-066,5.0,5,450.0,5.0,0.0,0.0,0.0,0.0,0.0,0.0,0.0,0.0,0.0,0.0,0.0,0.0,0.0,0.0,0.0,0.0,0.0,0.0,0.0,0.0,0.0,0.0,0.0,0.0,0.0,Matches,brighton,
118,Evan Ferguson,ie IRL,FW,19-004,9.0,5,437.0,4.9,4.0,0.0,4.0,4.0,0.0,0.0,0.0,0.0,2.5,2.5,0.4,2.9,6.0,8.0,14.0,0.82,0.0,0.82,0.82,0.82,0.52,0.08,0.6,0.52,0.6,Matches,brighton,
119,João Pedro,br BRA,"MF,FW",22-027,9.0,4,481.0,5.3,2.0,1.0,3.0,1.0,1.0,1.0,1.0,0.0,2.6,1.8,1.3,3.1,18.0,18.0,40.0,0.37,0.19,0.56,0.19,0.37,0.48,0.24,0.72,0.33,0.57,Matches,brighton,
120,Simon Adingra,ci CIV,"FW,MF",21-295,8.0,4,417.0,4.6,2.0,1.0,3.0,2.0,0.0,0.0,0.0,0.0,0.7,0.7,1.3,2.1,10.0,5.0,31.0,0.43,0.22,0.65,0.43,0.65,0.16,0.28,0.44,0.16,0.44,Matches,brighton,
121,Bart Verbruggen,nl NED,GK,21-066,4.0,4,360.0,4.0,0.0,0.0,0.0,0.0,0.0,0.0,0.0,0.0,0.0,0.0,0.0,0.0,0.0,0.0,0.0,0.0,0.0,0.0,0.0,0.0,0.0,0.0,0.0,0.0,0.0,Matches,brighton,
122,Adam Webster,eng ENG,DF,28-292,4.0,4,360.0,4.0,0.0,0.0,0.0,0.0,0.0,0.0,1.0,0.0,0.1,0.1,0.0,0.1,5.0,24.0,0.0,0.0,0.0,0.0,0.0,0.0,0.02,0.0,0.02,0.02,0.02,Matches,brighton,
123,James Milner,eng ENG,DF,37-292,6.0,4,274.0,3.0,0.0,0.0,0.0,0.0,0.0,0.0,2.0,0.0,0.0,0.0,0.1,0.1,2.0,18.0,15.0,0.0,0.0,0.0,0.0,0.0,0.0,0.04,0.04,0.0,0.04,Matches,brighton,
124,Jan Paul van Hecke,nl NED,DF,23-137,5.0,3,299.0,3.3,0.0,0.0,0.0,0.0,0.0,0.0,1.0,0.0,0.0,0.0,0.0,0.0,1.0,13.0,0.0,0.0,0.0,0.0,0.0,0.0,0.0,0.0,0.0,0.0,0.0,Matches,brighton,
125,Mahmoud Dahoud,de GER,MF,27-295,5.0,3,246.0,2.7,0.0,1.0,1.0,0.0,0.0,0.0,1.0,0.0,0.1,0.1,0.4,0.4,0.0,7.0,2.0,0.0,0.37,0.37,0.0,0.37,0.03,0.14,0.16,0.03,0.16,Matches,brighton,
126,Carlos Baleba,cm CMR,MF,19-293,4.0,2,177.0,2.0,0.0,0.0,0.0,0.0,0.0,0.0,1.0,0.0,0.1,0.1,0.0,0.1,1.0,4.0,0.0,0.0,0.0,0.0,0.0,0.0,0.05,0.02,0.07,0.05,0.07,Matches,brighton,
127,Igor,br BRA,DF,25-258,2.0,2,152.0,1.7,0.0,0.0,0.0,0.0,0.0,0.0,1.0,0.0,0.0,0.0,0.2,0.2,0.0,3.0,0.0,0.0,0.0,0.0,0.0,0.0,0.0,0.13,0.13,0.0,0.13,Matches,brighton,
128,Tariq Lamptey,gh GHA,"DF,FW",23-023,4.0,1,139.0,1.5,0.0,2.0,2.0,0.0,0.0,0.0,2.0,0.0,0.0,0.0,0.4,0.4,11.0,6.0,3.0,0.0,1.29,1.29,0.0,1.29,0.01,0.25,0.26,0.01,0.26,Matches,brighton,
129,Adam Lallana,eng ENG,"MF,FW",35-166,4.0,1,114.0,1.3,0.0,0.0,0.0,0.0,0.0,0.0,1.0,0.0,0.0,0.0,0.1,0.1,0.0,6.0,10.0,0.0,0.0,0.0,0.0,0.0,0.0,0.06,0.06,0.0,0.06,Matches,brighton,
130,Jack Hinshelwood,eng ENG,MF,18-195,1.0,1,85.0,0.9,0.0,0.0,0.0,0.0,0.0,0.0,0.0,0.0,0.0,0.0,0.1,0.1,1.0,3.0,1.0,0.0,0.0,0.0,0.0,0.0,0.0,0.08,0.08,0.0,0.08,Matches,brighton,
131,Julio César Enciso,py PAR,MF,19-273,2.0,1,69.0,0.8,0.0,2.0,2.0,0.0,0.0,0.0,1.0,0.0,0.2,0.2,0.7,0.9,5.0,0.0,5.0,0.0,2.61,2.61,0.0,2.61,0.26,0.96,1.22,0.26,1.22,Matches,brighton,
132,Facundo Buonanotte,ar ARG,FW,18-304,1.0,1,45.0,0.5,0.0,0.0,0.0,0.0,0.0,0.0,0.0,0.0,0.0,0.0,0.0,0.0,0.0,0.0,2.0,0.0,0.0,0.0,0.0,0.0,0.07,0.0,0.07,0.07,0.07,Matches,brighton,
133,Ansu Fati,es ESP,"MF,FW",20-357,5.0,0,144.0,1.6,2.0,0.0,2.0,2.0,0.0,0.0,1.0,0.0,2.0,2.0,0.4,2.4,6.0,14.0,7.0,1.25,0.0,1.25,1.25,1.25,1.24,0.22,1.46,1.24,1.46,Matches,brighton,
134,Steven Alzate,co COL,MF,25-045,0.0,0,,,,,,,,,,,,,,,,,,,,,,,,,,,,Matches,brighton,
135,James Trafford,eng ENG,GK,21-013,9.0,9,810.0,9.0,0.0,0.0,0.0,0.0,0.0,0.0,1.0,0.0,0.0,0.0,0.0,0.0,0.0,3.0,0.0,0.0,0.0,0.0,0.0,0.0,0.0,0.0,0.0,0.0,0.0,Matches,burnley,
136,Josh Cullen,ie IRL,MF,27-199,9.0,9,780.0,8.7,0.0,1.0,1.0,0.0,0.0,0.0,4.0,0.0,0.1,0.1,0.6,0.7,5.0,38.0,9.0,0.0,0.12,0.12,0.0,0.12,0.01,0.07,0.08,0.01,0.08,Matches,burnley,
137,Ameen Al-Dakhil,be BEL,DF,21-231,9.0,9,765.0,8.5,0.0,0.0,0.0,0.0,0.0,0.0,0.0,0.0,0.2,0.2,0.1,0.3,6.0,28.0,2.0,0.0,0.0,0.0,0.0,0.0,0.02,0.02,0.04,0.02,0.04,Matches,burnley,
138,Connor Roberts,wls WAL,DF,28-030,9.0,8,734.0,8.2,0.0,1.0,1.0,0.0,0.0,0.0,4.0,1.0,0.0,0.0,0.2,0.2,6.0,37.0,10.0,0.0,0.12,0.12,0.0,0.12,0.0,0.02,0.02,0.0,0.02,Matches,burnley,
139,Zeki Amdouni,ch SUI,"FW,MF",22-323,8.0,8,538.0,6.0,1.0,0.0,1.0,1.0,0.0,0.0,1.0,0.0,1.5,1.5,0.3,1.8,14.0,14.0,14.0,0.17,0.0,0.17,0.17,0.17,0.25,0.05,0.3,0.25,0.3,Matches,burnley,
140,Lyle Foster,za RSA,"FW,MF",23-050,7.0,7,607.0,6.7,3.0,2.0,5.0,3.0,0.0,0.0,0.0,1.0,1.6,1.6,1.2,2.7,18.0,7.0,29.0,0.44,0.3,0.74,0.44,0.74,0.23,0.17,0.4,0.23,0.4,Matches,burnley,
141,Sander Berge,no NOR,MF,25-251,9.0,7,579.0,6.4,0.0,1.0,1.0,0.0,0.0,0.0,2.0,0.0,0.3,0.3,0.6,0.9,9.0,16.0,15.0,0.0,0.16,0.16,0.0,0.16,0.05,0.09,0.14,0.05,0.14,Matches,burnley,
142,Luca Koleosho,it ITA,"FW,MF",19-038,9.0,7,547.0,6.1,0.0,1.0,1.0,0.0,0.0,0.0,0.0,0.0,1.3,1.3,1.1,2.3,34.0,11.0,49.0,0.0,0.16,0.16,0.0,0.16,0.21,0.18,0.39,0.21,0.39,Matches,burnley,
143,Charlie Taylor,eng ENG,DF,30-035,6.0,6,540.0,6.0,0.0,0.0,0.0,0.0,0.0,0.0,2.0,0.0,0.1,0.1,0.0,0.1,5.0,17.0,13.0,0.0,0.0,0.0,0.0,0.0,0.01,0.0,0.01,0.01,0.01,Matches,burnley,
144,Jordan Beyer,de GER,DF,23-157,6.0,6,502.0,5.6,0.0,0.0,0.0,0.0,0.0,0.0,3.0,0.0,0.0,0.0,0.0,0.0,4.0,5.0,0.0,0.0,0.0,0.0,0.0,0.0,0.0,0.0,0.0,0.0,0.0,Matches,burnley,
145,Josh Brownhill,eng ENG,MF,27-308,8.0,5,516.0,5.7,1.0,0.0,1.0,1.0,0.0,0.0,1.0,0.0,0.5,0.5,0.7,1.2,4.0,15.0,9.0,0.17,0.0,0.17,0.17,0.17,0.08,0.12,0.21,0.08,0.21,Matches,burnley,
146,Dara O'Shea,ie IRL,DF,24-233,5.0,4,405.0,4.5,0.0,0.0,0.0,0.0,0.0,0.0,0.0,0.0,0.0,0.0,0.0,0.1,4.0,14.0,0.0,0.0,0.0,0.0,0.0,0.0,0.01,0.01,0.01,0.01,0.01,Matches,burnley,
147,Jóhann Berg Guðmundsson,is ISL,"FW,MF",32-361,4.0,3,171.0,1.9,0.0,1.0,1.0,0.0,0.0,0.0,1.0,0.0,0.0,0.0,0.2,0.2,2.0,13.0,11.0,0.0,0.53,0.53,0.0,0.53,0.0,0.12,0.12,0.0,0.12,Matches,burnley,
148,Hannes Delcroix,be BEL,DF,24-237,6.0,2,241.0,2.7,0.0,0.0,0.0,0.0,0.0,0.0,1.0,0.0,0.4,0.4,0.1,0.5,1.0,7.0,0.0,0.0,0.0,0.0,0.0,0.0,0.13,0.05,0.19,0.13,0.19,Matches,burnley,
149,Mike Trésor,be BEL,FW,24-148,4.0,2,211.0,2.3,0.0,0.0,0.0,0.0,0.0,0.0,0.0,0.0,0.4,0.4,0.3,0.7,8.0,5.0,14.0,0.0,0.0,0.0,0.0,0.0,0.17,0.11,0.28,0.17,0.28,Matches,burnley,
150,Aaron Ramsey,eng ENG,"FW,MF",20-275,5.0,2,207.0,2.3,0.0,0.0,0.0,0.0,0.0,0.0,0.0,0.0,0.1,0.1,0.4,0.5,6.0,4.0,5.0,0.0,0.0,0.0,0.0,0.0,0.02,0.17,0.2,0.02,0.2,Matches,burnley,
151,Vitinho,br BRA,DF,24-092,3.0,2,153.0,1.7,0.0,0.0,0.0,0.0,0.0,0.0,0.0,0.0,0.0,0.0,0.1,0.1,6.0,3.0,3.0,0.0,0.0,0.0,0.0,0.0,0.01,0.05,0.05,0.01,0.05,Matches,burnley,
152,Wilson Odobert,fr FRA,FW,18-329,3.0,2,147.0,1.6,1.0,0.0,1.0,1.0,0.0,0.0,1.0,0.0,0.3,0.3,0.4,0.7,8.0,0.0,8.0,0.61,0.0,0.61,0.61,0.61,0.15,0.26,0.42,0.15,0.42,Matches,burnley,
153,Benson Manuel,be BEL,"MF,FW",26-209,3.0,1,67.0,0.7,0.0,0.0,0.0,0.0,0.0,0.0,0.0,0.0,0.0,0.0,0.0,0.0,2.0,0.0,9.0,0.0,0.0,0.0,0.0,0.0,0.03,0.0,0.03,0.03,0.03,Matches,burnley,
154,Jacob Bruun Larsen,dk DEN,"FW,MF",25-034,8.0,0,156.0,1.7,1.0,0.0,1.0,1.0,0.0,0.0,0.0,0.0,0.5,0.5,0.1,0.6,10.0,3.0,17.0,0.58,0.0,0.58,0.58,0.58,0.26,0.06,0.32,0.26,0.32,Matches,burnley,
155,Jay Rodriguez,eng ENG,FW,34-086,4.0,0,72.0,0.8,0.0,0.0,0.0,0.0,0.0,0.0,0.0,0.0,0.6,0.6,0.0,0.6,0.0,0.0,5.0,0.0,0.0,0.0,0.0,0.0,0.71,0.0,0.71,0.71,0.71,Matches,burnley,
156,Nathan Redmond,eng ENG,"MF,FW",29-231,4.0,0,70.0,0.8,0.0,0.0,0.0,0.0,0.0,0.0,0.0,0.0,0.0,0.0,0.2,0.2,2.0,0.0,8.0,0.0,0.0,0.0,0.0,0.0,0.0,0.3,0.3,0.0,0.3,Matches,burnley,
157,Anass Zaroury,ma MAR,"FW,MF",22-350,3.0,0,60.0,0.7,0.0,0.0,0.0,0.0,0.0,0.0,0.0,1.0,0.1,0.1,0.0,0.2,1.0,0.0,5.0,0.0,0.0,0.0,0.0,0.0,0.2,0.06,0.26,0.2,0.26,Matches,burnley,
158,Jack Cork,eng ENG,MF,34-120,1.0,0,17.0,0.2,0.0,0.0,0.0,0.0,0.0,0.0,0.0,0.0,0.0,0.0,0.0,0.0,2.0,1.0,1.0,0.0,0.0,0.0,0.0,0.0,0.0,0.0,0.0,0.0,0.0,Matches,burnley,
159,Hjalmar Ekdal,se SWE,DF,25-002,0.0,0,,,,,,,,,,,,,,,,,,,,,,,,,,,,Matches,burnley,
160,Arijanet Muric,xk KVX,GK,24-350,0.0,0,,,,,,,,,,,,,,,,,,,,,,,,,,,,Matches,burnley,
161,Robert Sánchez,es ESP,GK,25-339,9.0,9,810.0,9.0,0.0,0.0,0.0,0.0,0.0,0.0,1.0,0.0,0.0,0.0,0.0,0.0,0.0,1.0,0.0,0.0,0.0,0.0,0.0,0.0,0.0,0.0,0.0,0.0,0.0,Matches,chelsea,
162,Thiago Silva,br BRA,DF,39-031,9.0,9,810.0,9.0,0.0,0.0,0.0,0.0,0.0,0.0,2.0,0.0,0.1,0.1,0.3,0.4,1.0,31.0,1.0,0.0,0.0,0.0,0.0,0.0,0.01,0.03,0.04,0.01,0.04,Matches,chelsea,
163,Levi Colwill,eng ENG,DF,20-239,9.0,9,799.0,8.9,0.0,1.0,1.0,0.0,0.0,0.0,0.0,0.0,0.8,0.8,0.9,1.7,10.0,27.0,16.0,0.0,0.11,0.11,0.0,0.11,0.09,0.1,0.19,0.09,0.19,Matches,chelsea,
164,Enzo Fernández,ar ARG,MF,22-279,9.0,9,776.0,8.6,0.0,0.0,0.0,0.0,0.0,1.0,3.0,0.0,2.3,1.5,1.1,2.6,24.0,87.0,24.0,0.0,0.0,0.0,0.0,0.0,0.26,0.13,0.39,0.17,0.3,Matches,chelsea,
165,Conor Gallagher,eng ENG,MF,23-259,9.0,9,765.0,8.5,0.0,2.0,2.0,0.0,0.0,0.0,1.0,0.0,0.7,0.7,1.0,1.7,15.0,47.0,28.0,0.0,0.24,0.24,0.0,0.24,0.08,0.12,0.2,0.08,0.2,Matches,chelsea,
166,Axel Disasi,fr FRA,DF,25-226,8.0,8,720.0,8.0,1.0,0.0,1.0,1.0,0.0,0.0,2.0,0.0,0.8,0.8,0.2,1.0,6.0,35.0,6.0,0.12,0.0,0.12,0.12,0.12,0.1,0.03,0.12,0.1,0.12,Matches,chelsea,
167,Raheem Sterling,eng ENG,"FW,MF",28-319,9.0,8,720.0,8.0,3.0,0.0,3.0,3.0,0.0,0.0,2.0,0.0,2.4,2.4,1.2,3.6,50.0,28.0,99.0,0.37,0.0,0.37,0.37,0.37,0.3,0.15,0.45,0.3,0.45,Matches,chelsea,
168,Nicolas Jackson,sn SEN,FW,22-125,8.0,6,579.0,6.4,2.0,0.0,2.0,2.0,0.0,0.0,5.0,0.0,4.1,4.1,0.5,4.6,17.0,10.0,49.0,0.31,0.0,0.31,0.31,0.31,0.64,0.08,0.72,0.64,0.72,Matches,chelsea,
169,Moisés Caicedo,ec ECU,MF,21-355,7.0,6,543.0,6.0,0.0,0.0,0.0,0.0,0.0,0.0,1.0,0.0,0.1,0.1,0.3,0.4,4.0,31.0,5.0,0.0,0.0,0.0,0.0,0.0,0.02,0.05,0.07,0.02,0.07,Matches,chelsea,
170,Malo Gusto,fr FRA,DF,20-157,7.0,6,500.0,5.6,0.0,2.0,2.0,0.0,0.0,0.0,0.0,1.0,0.1,0.1,0.6,0.7,26.0,23.0,38.0,0.0,0.36,0.36,0.0,0.36,0.02,0.1,0.12,0.02,0.12,Matches,chelsea,
171,Ben Chilwell,eng ENG,"DF,MF",26-306,6.0,4,336.0,3.7,0.0,1.0,1.0,0.0,0.0,0.0,3.0,0.0,1.0,1.0,1.8,2.8,12.0,10.0,23.0,0.0,0.27,0.27,0.0,0.27,0.26,0.49,0.74,0.26,0.74,Matches,chelsea,
172,Mykhailo Mudryk,ua UKR,"FW,DF",22-291,8.0,4,309.0,3.4,2.0,0.0,2.0,2.0,0.0,0.0,1.0,0.0,0.7,0.7,0.8,1.6,16.0,6.0,22.0,0.58,0.0,0.58,0.58,0.58,0.21,0.24,0.46,0.21,0.46,Matches,chelsea,
173,Cole Palmer,eng ENG,"FW,MF",21-170,6.0,3,325.0,3.6,2.0,1.0,3.0,0.0,2.0,2.0,2.0,0.0,2.3,0.7,1.0,1.7,16.0,25.0,23.0,0.55,0.28,0.83,0.0,0.28,0.64,0.27,0.91,0.2,0.47,Matches,chelsea,
174,Marc Cucurella,es ESP,DF,25-093,3.0,3,270.0,3.0,0.0,0.0,0.0,0.0,0.0,0.0,3.0,0.0,0.0,0.0,0.0,0.0,3.0,5.0,2.0,0.0,0.0,0.0,0.0,0.0,0.0,0.01,0.01,0.0,0.01,Matches,chelsea,
175,Carney Chukwuemeka,eng ENG,MF,20-003,2.0,2,125.0,1.4,1.0,0.0,1.0,1.0,0.0,0.0,2.0,0.0,0.1,0.1,0.1,0.2,2.0,4.0,9.0,0.72,0.0,0.72,0.72,0.72,0.08,0.09,0.16,0.08,0.16,Matches,chelsea,
176,Armando Broja,al ALB,FW,22-043,3.0,2,121.0,1.3,1.0,0.0,1.0,1.0,0.0,0.0,0.0,0.0,0.5,0.5,0.0,0.5,4.0,2.0,9.0,0.74,0.0,0.74,0.74,0.74,0.4,0.0,0.4,0.4,0.4,Matches,chelsea,
177,Lesley Ugochukwu,fr FRA,MF,19-211,5.0,1,135.0,1.5,0.0,0.0,0.0,0.0,0.0,0.0,0.0,0.0,0.0,0.0,0.0,0.0,5.0,11.0,0.0,0.0,0.0,0.0,0.0,0.0,0.0,0.03,0.03,0.0,0.03,Matches,chelsea,
178,Reece James,eng ENG,"DF,FW",23-319,2.0,1,82.0,0.9,0.0,0.0,0.0,0.0,0.0,0.0,0.0,0.0,0.0,0.0,0.3,0.3,5.0,9.0,13.0,0.0,0.0,0.0,0.0,0.0,0.04,0.28,0.32,0.04,0.32,Matches,chelsea,
179,Ian Maatsen,nl NED,"FW,MF",21-227,6.0,0,89.0,1.0,0.0,0.0,0.0,0.0,0.0,0.0,1.0,0.0,0.4,0.4,0.1,0.5,4.0,3.0,8.0,0.0,0.0,0.0,0.0,0.0,0.42,0.1,0.52,0.42,0.52,Matches,chelsea,
180,Noni Madueke,eng ENG,"FW,MF",21-227,4.0,0,53.0,0.6,0.0,0.0,0.0,0.0,0.0,0.0,0.0,0.0,0.1,0.1,0.0,0.1,7.0,2.0,18.0,0.0,0.0,0.0,0.0,0.0,0.12,0.0,0.12,0.12,0.12,Matches,chelsea,
181,Mason Burstow,eng ENG,FW,20-080,2.0,0,9.0,0.1,0.0,0.0,0.0,0.0,0.0,0.0,0.0,0.0,0.0,0.0,0.0,0.0,0.0,0.0,1.0,0.0,0.0,0.0,0.0,0.0,0.0,0.0,0.0,0.0,0.0,Matches,chelsea,
182,Alex Matos,eng ENG,MF,19-020,1.0,0,1.0,0.0,0.0,0.0,0.0,0.0,0.0,0.0,0.0,0.0,0.0,0.0,0.0,0.0,0.0,0.0,0.0,0.0,0.0,0.0,0.0,0.0,0.0,0.0,0.0,0.0,0.0,Matches,chelsea,
183,Benoît Badiashile,fr FRA,DF,22-211,0.0,0,,,,,,,,,,,,,,,,,,,,,,,,,,,,Matches,chelsea,
184,Eddie Beach,wls WAL,GK,20-014,0.0,0,,,,,,,,,,,,,,,,,,,,,,,,,,,,Matches,chelsea,
185,Lucas Bergström,fi FIN,GK,21-048,0.0,0,,,,,,,,,,,,,,,,,,,,,,,,,,,,Matches,chelsea,
186,Joshua Brooking,eng ENG,DF,21-052,0.0,0,,,,,,,,,,,,,,,,,,,,,,,,,,,,Matches,chelsea,
187,Alfie Gilchrist,eng ENG,DF,19-329,0.0,0,,,,,,,,,,,,,,,,,,,,,,,,,,,,Matches,chelsea,
188,Bashir Humphreys,eng ENG,DF,20-222,0.0,0,,,,,,,,,,,,,,,,,,,,,,,,,,,,Matches,chelsea,
189,Diego Moreira,pt POR,MF,19-078,0.0,0,,,,,,,,,,,,,,,,,,,,,,,,,,,,Matches,chelsea,
190,Đorđe Petrović,rs SRB,GK,24-015,0.0,0,,,,,,,,,,,,,,,,,,,,,,,,,,,,Matches,chelsea,
191,Andrey Santos,br BRA,MF,19-173,0.0,0,,,,,,,,,,,,,,,,,,,,,,,,,,,,Matches,chelsea,
192,Ronnie Stutter,eng ENG,FW,18-290,0.0,0,,,,,,,,,,,,,,,,,,,,,,,,,,,,Matches,chelsea,
193,Deivid Washington,br BRA,FW,18-140,0.0,0,,,,,,,,,,,,,,,,,,,,,,,,,,,,Matches,chelsea,
194,Joachim Andersen,dk DEN,DF,27-145,9.0,9,810.0,9.0,2.0,0.0,2.0,2.0,0.0,0.0,0.0,0.0,0.6,0.6,1.2,1.8,8.0,57.0,4.0,0.22,0.0,0.22,0.22,0.22,0.07,0.13,0.2,0.07,0.2,Matches,palace,
195,Sam Johnstone,eng ENG,GK,30-212,9.0,9,810.0,9.0,0.0,0.0,0.0,0.0,0.0,0.0,0.0,0.0,0.0,0.0,0.0,0.0,0.0,0.0,0.0,0.0,0.0,0.0,0.0,0.0,0.0,0.0,0.0,0.0,0.0,Matches,palace,
196,Tyrick Mitchell,eng ENG,DF,24-052,9.0,9,810.0,9.0,0.0,1.0,1.0,0.0,0.0,0.0,2.0,0.0,0.1,0.1,0.7,0.8,7.0,24.0,49.0,0.0,0.11,0.11,0.0,0.11,0.01,0.08,0.09,0.01,0.09,Matches,palace,
197,Jordan Ayew,gh GHA,"FW,MF",32-042,9.0,9,744.0,8.3,0.0,2.0,2.0,0.0,0.0,0.0,2.0,0.0,1.5,1.5,1.1,2.6,26.0,23.0,65.0,0.0,0.24,0.24,0.0,0.24,0.18,0.13,0.31,0.18,0.31,Matches,palace,
198,Cheick Doucouré,ml MLI,MF,23-288,8.0,8,719.0,8.0,0.0,0.0,0.0,0.0,0.0,0.0,2.0,0.0,0.2,0.2,0.6,0.8,7.0,39.0,3.0,0.0,0.0,0.0,0.0,0.0,0.03,0.07,0.1,0.03,0.1,Matches,palace,
199,Marc Guéhi,eng ENG,DF,23-102,8.0,8,719.0,8.0,0.0,0.0,0.0,0.0,0.0,0.0,0.0,0.0,0.5,0.5,0.1,0.6,6.0,21.0,1.0,0.0,0.0,0.0,0.0,0.0,0.06,0.01,0.07,0.06,0.07,Matches,palace,
200,Joel Ward,eng ENG,DF,33-359,8.0,8,712.0,7.9,0.0,0.0,0.0,0.0,0.0,0.0,3.0,0.0,0.6,0.6,0.0,0.6,7.0,28.0,8.0,0.0,0.0,0.0,0.0,0.0,0.07,0.0,0.07,0.07,0.07,Matches,palace,
201,Odsonne Édouard,fr FRA,"FW,MF",25-280,8.0,8,697.0,7.7,4.0,0.0,4.0,4.0,0.0,0.0,1.0,0.0,2.8,2.8,0.5,3.3,15.0,17.0,41.0,0.52,0.0,0.52,0.52,0.52,0.36,0.07,0.43,0.36,0.43,Matches,palace,
202,Jeffrey Schlupp,gh GHA,"FW,MF",30-304,8.0,8,564.0,6.3,0.0,0.0,0.0,0.0,0.0,0.0,0.0,0.0,0.4,0.4,0.6,1.1,5.0,15.0,17.0,0.0,0.0,0.0,0.0,0.0,0.07,0.1,0.17,0.07,0.17,Matches,palace,
203,Eberechi Eze,eng ENG,"MF,FW",25-116,7.0,7,627.0,7.0,1.0,0.0,1.0,1.0,0.0,0.0,1.0,0.0,2.3,2.3,1.3,3.7,21.0,24.0,41.0,0.14,0.0,0.14,0.14,0.14,0.33,0.19,0.53,0.33,0.53,Matches,palace,
204,Jefferson Lerma,co COL,MF,28-363,5.0,5,446.0,5.0,0.0,0.0,0.0,0.0,0.0,0.0,0.0,0.0,0.2,0.2,0.7,0.8,6.0,16.0,10.0,0.0,0.0,0.0,0.0,0.0,0.04,0.13,0.17,0.04,0.17,Matches,palace,
205,Will Hughes,eng ENG,MF,28-189,6.0,5,430.0,4.8,0.0,0.0,0.0,0.0,0.0,0.0,2.0,0.0,0.2,0.2,0.2,0.4,5.0,17.0,4.0,0.0,0.0,0.0,0.0,0.0,0.03,0.05,0.08,0.03,0.08,Matches,palace,
206,Jean-Philippe Mateta,fr FRA,FW,26-117,7.0,3,367.0,4.1,0.0,3.0,3.0,0.0,0.0,0.0,1.0,0.0,0.4,0.4,1.1,1.5,2.0,4.0,24.0,0.0,0.74,0.74,0.0,0.74,0.09,0.28,0.37,0.09,0.37,Matches,palace,
207,Chris Richards,us USA,"DF,MF",23-209,3.0,1,109.0,1.2,0.0,0.0,0.0,0.0,0.0,0.0,0.0,0.0,0.0,0.0,0.0,0.0,0.0,0.0,0.0,0.0,0.0,0.0,0.0,0.0,0.0,0.0,0.0,0.0,0.0,Matches,palace,
208,Nathaniel Clyne,eng ENG,DF,32-201,1.0,1,90.0,1.0,0.0,0.0,0.0,0.0,0.0,0.0,0.0,0.0,0.0,0.0,0.0,0.0,0.0,1.0,2.0,0.0,0.0,0.0,0.0,0.0,0.03,0.0,0.03,0.03,0.03,Matches,palace,
209,Jaïro Riedewald,nl NED,"MF,FW",27-044,2.0,1,87.0,1.0,0.0,0.0,0.0,0.0,0.0,0.0,0.0,0.0,0.0,0.0,0.0,0.0,1.0,3.0,0.0,0.0,0.0,0.0,0.0,0.0,0.0,0.0,0.0,0.0,0.0,Matches,palace,
210,Jesuran Rak Sakyi,eng ENG,"MF,DF",21-018,5.0,0,105.0,1.2,0.0,0.0,0.0,0.0,0.0,0.0,0.0,0.0,0.4,0.4,0.2,0.5,7.0,2.0,16.0,0.0,0.0,0.0,0.0,0.0,0.34,0.13,0.47,0.34,0.47,Matches,palace,
211,Naouirou Ahamada,fr FRA,"FW,MF",21-208,3.0,0,38.0,0.4,0.0,0.0,0.0,0.0,0.0,0.0,0.0,0.0,0.0,0.0,0.0,0.0,4.0,4.0,6.0,0.0,0.0,0.0,0.0,0.0,0.0,0.0,0.0,0.0,0.0,Matches,palace,
212,Matheus França,br BRA,FW,19-205,1.0,0,21.0,0.2,0.0,0.0,0.0,0.0,0.0,0.0,0.0,0.0,0.0,0.0,0.3,0.3,1.0,1.0,1.0,0.0,0.0,0.0,0.0,0.0,0.09,1.24,1.33,0.09,1.33,Matches,palace,
213,David Ozoh,eng ENG,MF,18-145,1.0,0,4.0,0.0,0.0,0.0,0.0,0.0,0.0,0.0,0.0,0.0,0.0,0.0,0.0,0.0,0.0,0.0,0.0,0.0,0.0,0.0,0.0,0.0,0.0,0.0,0.0,0.0,0.0,Matches,palace,
214,James Tomkins,eng ENG,DF,34-208,1.0,0,1.0,0.0,0.0,0.0,0.0,0.0,0.0,0.0,0.0,0.0,0.0,0.0,0.0,0.0,0.0,0.0,0.0,0.0,0.0,0.0,0.0,0.0,0.0,0.0,0.0,0.0,0.0,Matches,palace,
215,Malcolm Ebiowei,eng ENG,MF,20-049,0.0,0,,,,,,,,,,,,,,,,,,,,,,,,,,,,Matches,palace,
216,John-Kymani Gordon,eng ENG,FW,20-252,0.0,0,,,,,,,,,,,,,,,,,,,,,,,,,,,,Matches,palace,
217,Dean Henderson,eng ENG,GK,26-225,0.0,0,,,,,,,,,,,,,,,,,,,,,,,,,,,,Matches,palace,
218,Rob Holding,eng ENG,DF,28-033,0.0,0,,,,,,,,,,,,,,,,,,,,,,,,,,,,Matches,palace,
219,Remi Matthews,eng ENG,GK,29-255,0.0,0,,,,,,,,,,,,,,,,,,,,,,,,,,,,Matches,palace,
220,Ademola Ola-Adebomi,eng ENG,FW,19-243,0.0,0,,,,,,,,,,,,,,,,,,,,,,,,,,,,Matches,palace,
221,Jadan Raymond,wls WAL,MF,20-008,0.0,0,,,,,,,,,,,,,,,,,,,,,,,,,,,,Matches,palace,
222,Jordan Pickford,eng ENG,GK,29-230,9.0,9,810.0,9.0,0.0,0.0,0.0,0.0,0.0,0.0,1.0,0.0,0.0,0.0,0.1,0.1,0.0,0.0,0.0,0.0,0.0,0.0,0.0,0.0,0.0,0.01,0.01,0.0,0.01,Matches,everton,
223,James Tarkowski,eng ENG,DF,30-338,9.0,9,809.0,9.0,1.0,1.0,2.0,1.0,0.0,0.0,1.0,0.0,0.7,0.7,0.4,1.2,1.0,31.0,5.0,0.11,0.11,0.22,0.11,0.22,0.08,0.05,0.13,0.08,0.13,Matches,everton,
224,Amadou Onana,be BEL,MF,22-068,9.0,9,785.0,8.7,0.0,0.0,0.0,0.0,0.0,0.0,0.0,0.0,1.0,1.0,2.2,3.2,7.0,44.0,24.0,0.0,0.0,0.0,0.0,0.0,0.12,0.25,0.37,0.12,0.37,Matches,everton,
225,Abdoulaye Doucouré,ml MLI,"FW,MF",30-295,9.0,9,766.0,8.5,3.0,0.0,3.0,3.0,0.0,0.0,1.0,0.0,3.1,3.1,1.6,4.7,20.0,27.0,47.0,0.35,0.0,0.35,0.35,0.35,0.37,0.18,0.55,0.37,0.55,Matches,everton,
226,Ashley Young,eng ENG,DF,38-106,9.0,9,739.0,8.2,0.0,0.0,0.0,0.0,0.0,0.0,5.0,1.0,0.1,0.1,0.5,0.6,15.0,34.0,10.0,0.0,0.0,0.0,0.0,0.0,0.02,0.06,0.07,0.02,0.07,Matches,everton,
227,James Garner,eng ENG,MF,22-224,9.0,8,707.0,7.9,1.0,1.0,2.0,1.0,0.0,0.0,1.0,0.0,1.1,1.1,1.9,3.0,11.0,27.0,23.0,0.13,0.13,0.25,0.13,0.25,0.14,0.24,0.38,0.14,0.38,Matches,everton,
228,Jarrad Branthwaite,eng ENG,DF,21-118,7.0,7,630.0,7.0,0.0,0.0,0.0,0.0,0.0,0.0,3.0,0.0,0.2,0.2,0.1,0.3,0.0,17.0,1.0,0.0,0.0,0.0,0.0,0.0,0.03,0.01,0.04,0.03,0.04,Matches,everton,
229,Idrissa Gana Gueye,sn SEN,MF,34-027,7.0,7,539.0,6.0,0.0,0.0,0.0,0.0,0.0,0.0,1.0,0.0,0.3,0.3,0.5,0.8,13.0,25.0,10.0,0.0,0.0,0.0,0.0,0.0,0.05,0.08,0.13,0.05,0.13,Matches,everton,
230,Vitaliy Mykolenko,ua UKR,DF,24-147,5.0,5,447.0,5.0,0.0,0.0,0.0,0.0,0.0,0.0,0.0,0.0,0.2,0.2,0.3,0.5,2.0,9.0,10.0,0.0,0.0,0.0,0.0,0.0,0.04,0.05,0.09,0.04,0.09,Matches,everton,
231,Dwight McNeil,eng ENG,"MF,FW",23-335,6.0,5,411.0,4.6,0.0,1.0,1.0,0.0,0.0,0.0,0.0,0.0,0.6,0.6,1.8,2.3,17.0,9.0,21.0,0.0,0.22,0.22,0.0,0.22,0.12,0.39,0.51,0.12,0.51,Matches,everton,
232,Nathan Patterson,sct SCO,DF,22-007,8.0,4,435.0,4.8,0.0,1.0,1.0,0.0,0.0,0.0,1.0,0.0,0.3,0.3,1.1,1.4,12.0,15.0,20.0,0.0,0.21,0.21,0.0,0.21,0.07,0.22,0.29,0.07,0.29,Matches,everton,
233,Dominic Calvert-Lewin,eng ENG,FW,26-221,6.0,4,322.0,3.6,2.0,0.0,2.0,2.0,0.0,0.0,0.0,0.0,2.6,2.6,0.1,2.6,5.0,3.0,16.0,0.56,0.0,0.56,0.56,0.56,0.72,0.02,0.73,0.72,0.73,Matches,everton,
234,Arnaut Danjuma,nl NED,"FW,MF",26-265,8.0,3,373.0,4.1,1.0,0.0,1.0,1.0,0.0,0.0,0.0,0.0,1.8,1.8,0.3,2.2,13.0,4.0,27.0,0.24,0.0,0.24,0.24,0.24,0.45,0.08,0.53,0.45,0.53,Matches,everton,
235,Beto,gw GNB,FW,25-265,6.0,3,286.0,3.2,0.0,0.0,0.0,0.0,0.0,0.0,0.0,0.0,1.5,1.5,0.3,1.8,5.0,7.0,19.0,0.0,0.0,0.0,0.0,0.0,0.47,0.09,0.55,0.47,0.55,Matches,everton,
236,Michael Keane,eng ENG,DF,30-285,4.0,2,226.0,2.5,0.0,0.0,0.0,0.0,0.0,0.0,1.0,0.0,0.0,0.0,0.0,0.0,2.0,6.0,0.0,0.0,0.0,0.0,0.0,0.0,0.02,0.0,0.02,0.02,0.02,Matches,everton,
237,Jack Harrison,eng ENG,MF,26-337,3.0,2,167.0,1.9,1.0,1.0,2.0,1.0,0.0,0.0,0.0,0.0,0.3,0.3,0.6,0.8,7.0,4.0,9.0,0.54,0.54,1.08,0.54,1.08,0.15,0.3,0.45,0.15,0.45,Matches,everton,
238,Alex Iwobi,ng NGA,MF,27-173,2.0,2,140.0,1.6,0.0,0.0,0.0,0.0,0.0,0.0,0.0,0.0,0.3,0.3,0.2,0.5,6.0,4.0,8.0,0.0,0.0,0.0,0.0,0.0,0.21,0.14,0.35,0.21,0.35,Matches,everton,
239,Lewis Dobbin,eng ENG,MF,20-293,3.0,1,118.0,1.3,0.0,0.0,0.0,0.0,0.0,0.0,0.0,0.0,0.1,0.1,0.0,0.1,5.0,0.0,6.0,0.0,0.0,0.0,0.0,0.0,0.05,0.02,0.07,0.05,0.07,Matches,everton,
240,Neal Maupay,fr FRA,FW,27-070,2.0,1,111.0,1.2,0.0,0.0,0.0,0.0,0.0,0.0,0.0,0.0,1.4,1.4,0.1,1.5,1.0,0.0,6.0,0.0,0.0,0.0,0.0,0.0,1.16,0.05,1.22,1.16,1.22,Matches,everton,
241,Youssef Chermiti,pt POR,FW,19-152,4.0,0,32.0,0.4,0.0,0.0,0.0,0.0,0.0,0.0,1.0,0.0,0.1,0.1,0.0,0.1,0.0,1.0,4.0,0.0,0.0,0.0,0.0,0.0,0.15,0.0,0.15,0.15,0.15,Matches,everton,
242,Thomas Cannon,ie IRL,FW,20-299,1.0,0,1.0,0.0,0.0,0.0,0.0,0.0,0.0,0.0,0.0,0.0,0.0,0.0,0.0,0.0,0.0,0.0,0.0,0.0,0.0,0.0,0.0,0.0,0.0,0.0,0.0,0.0,0.0,Matches,everton,
243,Ben Godfrey,eng ENG,DF,25-281,1.0,0,1.0,0.0,0.0,0.0,0.0,0.0,0.0,0.0,0.0,0.0,0.0,0.0,0.0,0.0,0.0,0.0,0.0,0.0,0.0,0.0,0.0,0.0,0.0,0.0,0.0,0.0,0.0,Matches,everton,
244,Tyler Onyango,eng ENG,MF,20-233,1.0,0,1.0,0.0,0.0,0.0,0.0,0.0,0.0,0.0,0.0,0.0,0.0,0.0,0.0,0.0,0.0,0.0,0.0,0.0,0.0,0.0,0.0,0.0,0.0,0.0,0.0,0.0,0.0,Matches,everton,
245,André Gomes,pt POR,MF,30-085,0.0,0,,,,,,,,,,,,,,,,,,,,,,,,,,,,Matches,everton,
246,Mackenzie Hunt,eng ENG,DF,21-343,0.0,0,,,,,,,,,,,,,,,,,,,,,,,,,,,,Matches,everton,
247,Andy Lonergan,ie IRL,GK,40-004,0.0,0,,,,,,,,,,,,,,,,,,,,,,,,,,,,Matches,everton,
248,João Virgínia,pt POR,GK,24-013,0.0,0,,,,,,,,,,,,,,,,,,,,,,,,,,,,Matches,everton,
249,Bernd Leno,de GER,GK,31-233,8.0,8,720.0,8.0,0.0,0.0,0.0,0.0,0.0,0.0,0.0,0.0,0.0,0.0,0.0,0.0,0.0,0.0,0.0,0.0,0.0,0.0,0.0,0.0,0.0,0.0,0.0,0.0,0.0,Matches,fulham,
250,Issa Diop,fr FRA,DF,26-287,8.0,8,700.0,7.8,0.0,0.0,0.0,0.0,0.0,0.0,2.0,0.0,0.2,0.2,0.0,0.2,9.0,45.0,0.0,0.0,0.0,0.0,0.0,0.0,0.02,0.0,0.02,0.02,0.02,Matches,fulham,
251,Antonee Robinson,us USA,DF,26-076,7.0,7,630.0,7.0,0.0,0.0,0.0,0.0,0.0,0.0,1.0,0.0,0.0,0.0,0.6,0.7,19.0,25.0,24.0,0.0,0.0,0.0,0.0,0.0,0.01,0.09,0.09,0.01,0.09,Matches,fulham,
252,Tim Ream,us USA,DF,36-018,7.0,7,603.0,6.7,1.0,0.0,1.0,1.0,0.0,0.0,3.0,1.0,1.0,1.0,0.0,1.0,10.0,34.0,2.0,0.15,0.0,0.15,0.15,0.15,0.14,0.0,0.14,0.14,0.14,Matches,fulham,
253,Andreas Pereira,br BRA,MF,27-295,8.0,7,550.0,6.1,1.0,1.0,2.0,1.0,0.0,0.0,2.0,0.0,0.5,0.5,1.1,1.6,8.0,17.0,25.0,0.16,0.16,0.33,0.16,0.33,0.09,0.18,0.27,0.09,0.27,Matches,fulham,
254,Raúl Jiménez,mx MEX,FW,32-171,7.0,7,503.0,5.6,0.0,0.0,0.0,0.0,0.0,0.0,1.0,0.0,0.7,0.7,0.7,1.4,5.0,5.0,31.0,0.0,0.0,0.0,0.0,0.0,0.12,0.13,0.25,0.12,0.25,Matches,fulham,
255,Harrison Reed,eng ENG,MF,28-269,8.0,6,494.0,5.5,0.0,1.0,1.0,0.0,0.0,0.0,1.0,0.0,0.0,0.0,0.7,0.7,2.0,17.0,23.0,0.0,0.18,0.18,0.0,0.18,0.0,0.12,0.12,0.0,0.12,Matches,fulham,
256,Harry Wilson,wls WAL,FW,26-215,8.0,6,488.0,5.4,0.0,0.0,0.0,0.0,0.0,0.0,0.0,0.0,0.3,0.3,0.4,0.8,8.0,18.0,46.0,0.0,0.0,0.0,0.0,0.0,0.06,0.08,0.14,0.06,0.14,Matches,fulham,
257,João Palhinha,pt POR,MF,28-106,6.0,5,474.0,5.3,1.0,0.0,1.0,1.0,0.0,0.0,3.0,0.0,0.3,0.3,0.0,0.3,1.0,19.0,1.0,0.19,0.0,0.19,0.19,0.19,0.06,0.0,0.06,0.06,0.06,Matches,fulham,
258,Willian,br BRA,FW,35-075,7.0,5,445.0,4.9,1.0,0.0,1.0,1.0,0.0,0.0,1.0,0.0,0.9,0.9,0.3,1.2,23.0,31.0,44.0,0.2,0.0,0.2,0.2,0.2,0.19,0.06,0.25,0.19,0.25,Matches,fulham,
259,Bobby Reid,jm JAM,FW,30-263,7.0,5,436.0,4.8,2.0,0.0,2.0,2.0,0.0,0.0,1.0,0.0,2.5,2.5,0.1,2.6,15.0,13.0,26.0,0.41,0.0,0.41,0.41,0.41,0.52,0.03,0.55,0.52,0.55,Matches,fulham,
260,Kenny Tete,nl NED,DF,28-014,5.0,5,427.0,4.7,0.0,0.0,0.0,0.0,0.0,0.0,2.0,0.0,0.2,0.2,0.1,0.3,11.0,24.0,27.0,0.0,0.0,0.0,0.0,0.0,0.04,0.01,0.05,0.04,0.05,Matches,fulham,
261,Timothy Castagne,be BEL,DF,27-322,5.0,4,378.0,4.2,0.0,0.0,0.0,0.0,0.0,0.0,1.0,0.0,0.2,0.2,0.2,0.4,16.0,22.0,28.0,0.0,0.0,0.0,0.0,0.0,0.04,0.05,0.09,0.04,0.09,Matches,fulham,
262,Saša Lukić,rs SRB,MF,27-071,4.0,3,265.0,2.9,0.0,0.0,0.0,0.0,0.0,0.0,1.0,0.0,0.6,0.6,0.1,0.7,3.0,11.0,4.0,0.0,0.0,0.0,0.0,0.0,0.21,0.03,0.24,0.21,0.24,Matches,fulham,
263,Tom Cairney,sct SCO,MF,32-276,6.0,2,156.0,1.7,0.0,0.0,0.0,0.0,0.0,0.0,0.0,0.0,0.1,0.1,0.6,0.7,2.0,9.0,5.0,0.0,0.0,0.0,0.0,0.0,0.04,0.36,0.4,0.04,0.4,Matches,fulham,
264,Alex Iwobi,ng NGA,"MF,FW",27-173,4.0,1,160.0,1.8,0.0,0.0,0.0,0.0,0.0,0.0,0.0,0.0,0.4,0.4,0.2,0.6,6.0,14.0,10.0,0.0,0.0,0.0,0.0,0.0,0.21,0.11,0.31,0.21,0.31,Matches,fulham,
265,Carlos Vinícius,br BRA,FW,28-212,4.0,1,156.0,1.7,1.0,0.0,1.0,1.0,0.0,0.0,0.0,0.0,0.6,0.6,0.5,1.1,2.0,2.0,8.0,0.58,0.0,0.58,0.58,0.58,0.34,0.32,0.66,0.34,0.66,Matches,fulham,
266,Calvin Bassey,ng NGA,DF,23-296,4.0,1,127.0,1.4,0.0,0.0,0.0,0.0,0.0,0.0,2.0,1.0,0.0,0.0,0.0,0.0,1.0,2.0,1.0,0.0,0.0,0.0,0.0,0.0,0.0,0.0,0.0,0.0,0.0,Matches,fulham,
267,Luke Harris,wls WAL,MF,18-203,1.0,0,75.0,0.8,0.0,0.0,0.0,0.0,0.0,0.0,0.0,0.0,0.3,0.3,0.0,0.3,0.0,1.0,0.0,0.0,0.0,0.0,0.0,0.0,0.33,0.0,0.33,0.33,0.33,Matches,fulham,
268,Adama Traoré,es ESP,"FW,DF",27-271,3.0,0,35.0,0.4,0.0,0.0,0.0,0.0,0.0,0.0,0.0,0.0,0.2,0.2,0.0,0.2,1.0,0.0,2.0,0.0,0.0,0.0,0.0,0.0,0.53,0.0,0.53,0.53,0.53,Matches,fulham,
269,Aleksandar Mitrović,rs SRB,FW,29-037,1.0,0,33.0,0.4,0.0,0.0,0.0,0.0,0.0,0.0,0.0,0.0,0.2,0.2,0.0,0.2,0.0,1.0,0.0,0.0,0.0,0.0,0.0,0.0,0.44,0.0,0.44,0.44,0.44,Matches,fulham,
270,Rodrigo Muniz,br BRA,FW,22-172,3.0,0,28.0,0.3,0.0,0.0,0.0,0.0,0.0,0.0,0.0,0.0,0.2,0.2,0.0,0.2,0.0,1.0,1.0,0.0,0.0,0.0,0.0,0.0,0.59,0.13,0.71,0.59,0.71,Matches,fulham,
271,Tosin Adarabioyo,eng ENG,DF,26-029,1.0,0,2.0,0.0,0.0,0.0,0.0,0.0,0.0,0.0,0.0,0.0,0.0,0.0,0.0,0.0,0.0,0.0,0.0,0.0,0.0,0.0,0.0,0.0,0.0,0.0,0.0,0.0,0.0,Matches,fulham,
272,Marek Rodák,sk SVK,GK,26-314,0.0,0,,0.0,0.0,0.0,0.0,0.0,0.0,0.0,1.0,0.0,,,,,,,,,,,,,,,,,,Matches,fulham,
273,Fodé Ballo-Touré,sn SEN,DF,26-293,0.0,0,,,,,,,,,,,,,,,,,,,,,,,,,,,,Matches,fulham,
274,Matt Dibley-Dias,nz NZL,MF,19-256,0.0,0,,,,,,,,,,,,,,,,,,,,,,,,,,,,Matches,fulham,
275,Tyrese Francois,au AUS,MF,23-099,0.0,0,,,,,,,,,,,,,,,,,,,,,,,,,,,,Matches,fulham,
276,Kevin Mbabu,ch SUI,DF,28-187,0.0,0,,,,,,,,,,,,,,,,,,,,,,,,,,,,Matches,fulham,
277,Jay Stansfield,eng ENG,FW,20-333,0.0,0,,,,,,,,,,,,,,,,,,,,,,,,,,,,Matches,fulham,
278,Alisson,br BRA,GK,31-021,,9,810.0,9.0,0.0,0.0,0.0,0.0,0.0,0.0,1.0,0.0,0.0,0.0,0.0,0.0,0.0,1.0,0.0,0.0,0.0,0.0,0.0,0.0,0.0,0.0,0.0,0.0,0.0,Matches,liverpool,9.0
279,Dominik Szoboszlai,hu HUN,MF,22-363,,9,810.0,9.0,1.0,0.0,1.0,1.0,0.0,0.0,1.0,0.0,0.7,0.7,1.8,2.5,21.0,63.0,44.0,0.11,0.0,0.11,0.11,0.11,0.08,0.2,0.28,0.08,0.28,Matches,liverpool,9.0
280,Mohamed Salah,eg EGY,FW,31-130,,9,773.0,8.6,7.0,4.0,11.0,4.0,3.0,4.0,1.0,0.0,6.6,3.3,4.4,7.7,28.0,34.0,74.0,0.82,0.47,1.28,0.47,0.93,0.77,0.51,1.28,0.38,0.9,Matches,liverpool,9.0
281,Alexis Mac Allister,ar ARG,MF,24-303,,9,700.0,7.8,0.0,1.0,1.0,0.0,0.0,0.0,3.0,1.0,0.1,0.1,0.3,0.4,14.0,44.0,4.0,0.0,0.13,0.13,0.0,0.13,0.01,0.04,0.06,0.01,0.06,Matches,liverpool,9.0
282,Andrew Robertson,sct SCO,DF,29-226,,8,720.0,8.0,1.0,0.0,1.0,1.0,0.0,0.0,1.0,0.0,0.5,0.5,1.0,1.5,19.0,49.0,30.0,0.12,0.0,0.12,0.12,0.12,0.06,0.13,0.19,0.06,0.19,Matches,liverpool,8.0
283,Luis Díaz,co COL,"FW,MF",26-283,,8,624.0,6.9,2.0,0.0,2.0,2.0,0.0,0.0,0.0,0.0,2.6,2.6,0.7,3.3,24.0,19.0,67.0,0.29,0.0,0.29,0.29,0.29,0.38,0.1,0.48,0.38,0.48,Matches,liverpool,9.0
284,Virgil van Dijk,nl NED,DF,32-107,,7,567.0,6.3,0.0,2.0,2.0,0.0,0.0,0.0,1.0,1.0,0.6,0.6,1.0,1.5,2.0,23.0,1.0,0.0,0.32,0.32,0.0,0.32,0.09,0.15,0.24,0.09,0.24,Matches,liverpool,7.0
285,Joël Matip,cm CMR,DF,32-076,,6,532.0,5.9,0.0,0.0,0.0,0.0,0.0,0.0,0.0,0.0,0.4,0.4,0.0,0.5,5.0,24.0,0.0,0.0,0.0,0.0,0.0,0.0,0.07,0.01,0.08,0.07,0.08,Matches,liverpool,7.0
286,Trent Alexander-Arnold,eng ENG,DF,25-016,,6,510.0,5.7,0.0,1.0,1.0,0.0,0.0,0.0,2.0,0.0,0.4,0.4,0.9,1.3,17.0,29.0,14.0,0.0,0.18,0.18,0.0,0.18,0.07,0.16,0.22,0.07,0.22,Matches,liverpool,7.0
287,Cody Gakpo,nl NED,"MF,FW",24-169,,5,320.0,3.6,2.0,0.0,2.0,2.0,0.0,0.0,0.0,0.0,1.9,1.9,0.2,2.1,7.0,16.0,23.0,0.56,0.0,0.56,0.56,0.56,0.52,0.06,0.58,0.52,0.58,Matches,liverpool,7.0
288,Joe Gomez,eng ENG,DF,26-153,,4,437.0,4.9,0.0,0.0,0.0,0.0,0.0,0.0,1.0,0.0,0.1,0.1,0.2,0.3,9.0,24.0,20.0,0.0,0.0,0.0,0.0,0.0,0.02,0.04,0.06,0.02,0.06,Matches,liverpool,8.0
289,Diogo Jota,pt POR,"FW,MF",26-323,,4,377.0,4.2,2.0,0.0,2.0,2.0,0.0,0.0,3.0,1.0,1.6,1.6,0.4,2.0,23.0,5.0,44.0,0.48,0.0,0.48,0.48,0.48,0.37,0.1,0.48,0.37,0.48,Matches,liverpool,8.0
290,Curtis Jones,eng ENG,MF,22-266,,4,280.0,3.1,0.0,0.0,0.0,0.0,0.0,0.0,1.0,1.0,0.1,0.1,0.0,0.1,2.0,19.0,24.0,0.0,0.0,0.0,0.0,0.0,0.03,0.0,0.03,0.03,0.03,Matches,liverpool,5.0
291,Darwin Núñez,uy URU,FW,24-121,,3,342.0,3.8,3.0,3.0,6.0,3.0,0.0,0.0,1.0,0.0,2.8,2.8,1.5,4.2,12.0,14.0,30.0,0.79,0.79,1.58,0.79,1.58,0.73,0.38,1.11,0.73,1.11,Matches,liverpool,8.0
292,Ibrahima Konaté,fr FRA,DF,24-151,,3,290.0,3.2,0.0,0.0,0.0,0.0,0.0,0.0,1.0,0.0,0.0,0.0,0.2,0.2,2.0,5.0,0.0,0.0,0.0,0.0,0.0,0.0,0.01,0.05,0.06,0.01,0.06,Matches,liverpool,6.0
293,Harvey Elliott,eng ENG,MF,20-202,,1,197.0,2.2,0.0,0.0,0.0,0.0,0.0,0.0,1.0,0.0,0.1,0.1,0.1,0.2,9.0,19.0,16.0,0.0,0.0,0.0,0.0,0.0,0.06,0.04,0.1,0.06,0.1,Matches,liverpool,7.0
294,Ryan Gravenberch,nl NED,MF,21-160,,1,132.0,1.5,0.0,0.0,0.0,0.0,0.0,0.0,0.0,0.0,0.7,0.7,0.0,0.8,6.0,11.0,10.0,0.0,0.0,0.0,0.0,0.0,0.51,0.02,0.52,0.51,0.52,Matches,liverpool,5.0
295,Jarrell Quansah,eng ENG,DF,20-267,,1,116.0,1.3,0.0,0.0,0.0,0.0,0.0,0.0,0.0,0.0,0.0,0.0,0.0,0.0,2.0,5.0,0.0,0.0,0.0,0.0,0.0,0.0,0.0,0.0,0.0,0.0,0.0,Matches,liverpool,3.0
296,Wataru Endo,jp JPN,MF,30-256,,1,110.0,1.2,0.0,0.0,0.0,0.0,0.0,0.0,0.0,0.0,0.0,0.0,0.0,0.0,0.0,5.0,1.0,0.0,0.0,0.0,0.0,0.0,0.0,0.0,0.0,0.0,0.0,Matches,liverpool,5.0
297,Kostas Tsimikas,gr GRE,"DF,MF",27-164,,1,66.0,0.7,0.0,0.0,0.0,0.0,0.0,0.0,0.0,0.0,0.0,0.0,0.1,0.1,5.0,8.0,11.0,0.0,0.0,0.0,0.0,0.0,0.0,0.12,0.12,0.0,0.12,Matches,liverpool,2.0
298,Ben Doak,sct SCO,FW,17-346,,0,14.0,0.2,0.0,0.0,0.0,0.0,0.0,0.0,0.0,0.0,0.0,0.0,0.0,0.0,0.0,0.0,0.0,0.0,0.0,0.0,0.0,0.0,0.0,0.0,0.0,0.0,0.0,Matches,liverpool,1.0
299,Adrián,es ESP,GK,36-293,,0,,,,,,,,,,,,,,,,,,,,,,,,,,,,Matches,liverpool,0.0
300,Stefan Bajcetic,es ESP,DF,19-001,,0,,,,,,,,,,,,,,,,,,,,,,,,,,,,Matches,liverpool,0.0
301,Luke Chambers,eng ENG,DF,19-121,,0,,,,,,,,,,,,,,,,,,,,,,,,,,,,Matches,liverpool,0.0
302,Caoimhín Kelleher,ie IRL,GK,24-334,,0,,,,,,,,,,,,,,,,,,,,,,,,,,,,Matches,liverpool,0.0
303,James McConnell,eng ENG,MF,19-040,,0,,,,,,,,,,,,,,,,,,,,,,,,,,,,Matches,liverpool,0.0
304,Calum Scanlon,eng ENG,MF,18-251,,0,,,,,,,,,,,,,,,,,,,,,,,,,,,,Matches,liverpool,0.0
305,Thomas Kaminski,be BEL,GK,31-000,,9,810.0,9.0,0.0,0.0,0.0,0.0,0.0,0.0,1.0,0.0,0.0,0.0,0.0,0.0,0.0,0.0,0.0,0.0,0.0,0.0,0.0,0.0,0.0,0.0,0.0,0.0,0.0,Matches,luton,9.0
306,Marvelous Nakamba,zw ZIM,MF,29-277,,9,810.0,9.0,0.0,0.0,0.0,0.0,0.0,0.0,3.0,0.0,0.2,0.2,0.4,0.6,0.0,32.0,4.0,0.0,0.0,0.0,0.0,0.0,0.02,0.04,0.06,0.02,0.06,Matches,luton,9.0
307,Carlton Morris,eng ENG,FW,27-311,,9,770.0,8.6,3.0,1.0,4.0,1.0,2.0,2.0,1.0,0.0,3.5,1.9,0.4,2.3,8.0,26.0,51.0,0.35,0.12,0.47,0.12,0.23,0.4,0.05,0.45,0.22,0.27,Matches,luton,9.0
308,Tom Lockyer,wls WAL,DF,28-324,,8,675.0,7.5,1.0,1.0,2.0,1.0,0.0,0.0,2.0,0.0,0.8,0.8,0.5,1.3,5.0,29.0,2.0,0.13,0.13,0.27,0.13,0.27,0.1,0.07,0.17,0.1,0.17,Matches,luton,8.0
309,Reece Burke,eng ENG,DF,27-051,,7,595.0,6.6,0.0,1.0,1.0,0.0,0.0,0.0,1.0,0.0,0.4,0.4,0.4,0.8,0.0,24.0,9.0,0.0,0.15,0.15,0.0,0.15,0.06,0.06,0.12,0.06,0.12,Matches,luton,8.0
310,Amari'i Bell,jm JAM,DF,29-171,,7,560.0,6.2,0.0,0.0,0.0,0.0,0.0,0.0,0.0,0.0,0.2,0.2,0.0,0.3,6.0,20.0,3.0,0.0,0.0,0.0,0.0,0.0,0.04,0.0,0.04,0.04,0.04,Matches,luton,7.0
311,Alfie Doughty,eng ENG,"DF,MF",23-306,,6,565.0,6.3,0.0,1.0,1.0,0.0,0.0,0.0,0.0,0.0,0.2,0.2,1.6,1.8,12.0,26.0,34.0,0.0,0.16,0.16,0.0,0.16,0.04,0.25,0.29,0.04,0.29,Matches,luton,9.0
312,Issa Kaboré,bf BFA,"DF,MF",22-164,,6,513.0,5.7,0.0,0.0,0.0,0.0,0.0,0.0,2.0,0.0,0.1,0.1,1.0,1.1,20.0,15.0,21.0,0.0,0.0,0.0,0.0,0.0,0.02,0.18,0.2,0.02,0.2,Matches,luton,8.0
313,Jacob Brown,sct SCO,"FW,MF",25-196,,6,506.0,5.6,0.0,0.0,0.0,0.0,0.0,0.0,2.0,0.0,1.9,1.9,0.6,2.5,13.0,7.0,30.0,0.0,0.0,0.0,0.0,0.0,0.33,0.1,0.44,0.33,0.44,Matches,luton,9.0
314,Chiedozie Ogbene,ie IRL,"MF,FW",26-175,,5,509.0,5.7,1.0,0.0,1.0,1.0,0.0,0.0,0.0,0.0,0.8,0.8,0.8,1.6,35.0,10.0,36.0,0.18,0.0,0.18,0.18,0.18,0.14,0.15,0.29,0.14,0.29,Matches,luton,9.0
315,Pelly Ruddock Mpanzu,cd COD,MF,30-098,,5,489.0,5.4,0.0,0.0,0.0,0.0,0.0,0.0,0.0,0.0,0.5,0.5,0.4,0.8,6.0,22.0,8.0,0.0,0.0,0.0,0.0,0.0,0.09,0.07,0.16,0.09,0.16,Matches,luton,9.0
316,Tahith Chong,nl NED,MF,23-323,,5,436.0,4.8,0.0,0.0,0.0,0.0,0.0,0.0,2.0,0.0,0.3,0.3,0.0,0.3,9.0,15.0,18.0,0.0,0.0,0.0,0.0,0.0,0.06,0.0,0.07,0.06,0.07,Matches,luton,7.0
317,Mads Juel Andersen,dk DEN,DF,25-300,,4,372.0,4.1,1.0,0.0,1.0,1.0,0.0,0.0,1.0,0.0,0.3,0.3,0.0,0.3,0.0,7.0,1.0,0.24,0.0,0.24,0.24,0.24,0.06,0.0,0.06,0.06,0.06,Matches,luton,6.0
318,Elijah Adebayo,eng ENG,FW,25-289,,4,352.0,3.9,2.0,0.0,2.0,2.0,0.0,0.0,0.0,0.0,1.2,1.2,0.3,1.5,3.0,7.0,24.0,0.51,0.0,0.51,0.51,0.51,0.32,0.07,0.39,0.32,0.39,Matches,luton,9.0
319,Ryan John Giles,eng ENG,"DF,MF",23-270,,3,269.0,3.0,0.0,0.0,0.0,0.0,0.0,0.0,0.0,0.0,0.1,0.1,0.2,0.3,5.0,9.0,21.0,0.0,0.0,0.0,0.0,0.0,0.02,0.07,0.09,0.02,0.09,Matches,luton,4.0
320,Teden Mengi,eng ENG,DF,21-176,,2,247.0,2.7,0.0,0.0,0.0,0.0,0.0,0.0,0.0,0.0,0.0,0.0,0.0,0.0,1.0,10.0,0.0,0.0,0.0,0.0,0.0,0.0,0.01,0.0,0.01,0.01,0.01,Matches,luton,4.0
321,Ross Barkley,eng ENG,MF,29-322,,2,175.0,1.9,0.0,0.0,0.0,0.0,0.0,0.0,0.0,0.0,0.2,0.2,0.3,0.6,3.0,13.0,2.0,0.0,0.0,0.0,0.0,0.0,0.12,0.18,0.3,0.12,0.3,Matches,luton,4.0
322,Albert Sambi Lokonga,be BEL,MF,24-001,,2,129.0,1.4,0.0,0.0,0.0,0.0,0.0,0.0,0.0,0.0,0.1,0.1,0.1,0.1,0.0,4.0,2.0,0.0,0.0,0.0,0.0,0.0,0.04,0.04,0.08,0.04,0.08,Matches,luton,2.0
323,Cauley Woodrow,eng ENG,"FW,MF",28-325,,0,81.0,0.9,0.0,0.0,0.0,0.0,0.0,0.0,0.0,0.0,0.6,0.6,0.3,1.0,3.0,1.0,6.0,0.0,0.0,0.0,0.0,0.0,0.68,0.39,1.07,0.68,1.07,Matches,luton,7.0
324,Luke Berry,eng ENG,MF,31-103,,0,28.0,0.3,0.0,0.0,0.0,0.0,0.0,0.0,0.0,0.0,0.0,0.0,0.0,0.0,0.0,0.0,0.0,0.0,0.0,0.0,0.0,0.0,0.0,0.0,0.0,0.0,0.0,Matches,luton,2.0
325,Andros Townsend,eng ENG,MF,32-099,,0,19.0,0.2,0.0,0.0,0.0,0.0,0.0,0.0,0.0,0.0,0.0,0.0,0.0,0.0,0.0,0.0,1.0,0.0,0.0,0.0,0.0,0.0,0.0,0.0,0.0,0.0,0.0,Matches,luton,1.0
326,Allan Campbell,sct SCO,MF,25-111,,0,,,,,,,,,,,,,,,,,,,,,,,,,,,,Matches,luton,0.0
327,Aidan Francis,eng ENG,MF,20-349,,0,,,,,,,,,,,,,,,,,,,,,,,,,,,,Matches,luton,0.0
328,Joseph Johnson,eng ENG,DF,17-287,,0,,,,,,,,,,,,,,,,,,,,,,,,,,,,Matches,luton,0.0
329,Tim Krul,nl NED,GK,35-203,,0,,,,,,,,,,,,,,,,,,,,,,,,,,,,Matches,luton,0.0
330,Jayden Luker,eng ENG,MF,18-176,,0,,,,,,,,,,,,,,,,,,,,,,,,,,,,Matches,luton,0.0
331,John Mcatee,eng ENG,"FW,MF",24-092,,0,,,,,,,,,,,,,,,,,,,,,,,,,,,,Matches,luton,0.0
332,Gabriel Osho,eng ENG,DF,25-070,,0,,,,,,,,,,,,,,,,,,,,,,,,,,,,Matches,luton,0.0
333,James Shea,eng ENG,GK,32-129,,0,,,,,,,,,,,,,,,,,,,,,,,,,,,,Matches,luton,0.0
334,Kyle Walker,eng ENG,DF,33-148,9.0,9,809.0,9.0,0.0,1.0,1.0,0.0,0.0,0.0,1.0,0.0,0.1,0.1,0.9,1.0,21.0,45.0,63.0,0.0,0.11,0.11,0.0,0.11,0.01,0.1,0.11,0.01,0.11,Matches,man_city,
335,Erling Haaland,no NOR,FW,23-094,9.0,9,798.0,8.9,9.0,1.0,10.0,8.0,1.0,2.0,0.0,0.0,8.2,6.6,1.6,8.2,7.0,6.0,35.0,1.02,0.11,1.13,0.9,1.02,0.92,0.17,1.1,0.75,0.92,Matches,man_city,
336,Julián Álvarez,ar ARG,"MF,FW",23-265,9.0,9,751.0,8.3,4.0,3.0,7.0,4.0,0.0,0.0,2.0,0.0,2.9,2.9,1.1,4.1,16.0,27.0,47.0,0.48,0.36,0.84,0.48,0.84,0.35,0.14,0.49,0.35,0.49,Matches,man_city,
337,Ederson,br BRA,GK,30-067,8.0,8,720.0,8.0,0.0,0.0,0.0,0.0,0.0,0.0,2.0,0.0,0.0,0.0,0.1,0.1,0.0,1.0,0.0,0.0,0.0,0.0,0.0,0.0,0.0,0.01,0.01,0.0,0.01,Matches,man_city,
338,Phil Foden,eng ENG,"FW,MF",23-148,9.0,8,696.0,7.7,1.0,3.0,4.0,1.0,0.0,0.0,0.0,0.0,0.9,0.9,1.7,2.6,17.0,36.0,51.0,0.13,0.39,0.52,0.13,0.52,0.12,0.22,0.34,0.12,0.34,Matches,man_city,
339,Rúben Dias,pt POR,DF,26-162,8.0,7,646.0,7.2,0.0,0.0,0.0,0.0,0.0,0.0,0.0,0.0,0.4,0.4,0.0,0.4,14.0,50.0,5.0,0.0,0.0,0.0,0.0,0.0,0.05,0.0,0.06,0.05,0.06,Matches,man_city,
340,Manuel Akanji,ch SUI,DF,28-096,7.0,7,629.0,7.0,0.0,0.0,0.0,0.0,0.0,0.0,3.0,1.0,0.1,0.1,0.1,0.2,11.0,27.0,7.0,0.0,0.0,0.0,0.0,0.0,0.02,0.02,0.03,0.02,0.03,Matches,man_city,
341,Rodri,es ESP,MF,27-123,7.0,7,570.0,6.3,2.0,1.0,3.0,2.0,0.0,0.0,3.0,1.0,1.0,1.0,0.9,1.9,15.0,64.0,12.0,0.32,0.16,0.47,0.32,0.47,0.16,0.14,0.3,0.16,0.3,Matches,man_city,
342,Joško Gvardiol,hr CRO,DF,21-273,7.0,6,551.0,6.1,0.0,0.0,0.0,0.0,0.0,0.0,1.0,0.0,0.2,0.2,0.6,0.8,13.0,37.0,12.0,0.0,0.0,0.0,0.0,0.0,0.03,0.1,0.13,0.03,0.13,Matches,man_city,
343,Bernardo Silva,pt POR,"MF,FW",29-074,6.0,5,464.0,5.2,1.0,1.0,2.0,1.0,0.0,0.0,2.0,0.0,0.4,0.4,1.1,1.5,24.0,33.0,35.0,0.19,0.19,0.39,0.19,0.39,0.07,0.22,0.29,0.07,0.29,Matches,man_city,
344,Nathan Aké,nl NED,DF,28-247,8.0,5,463.0,5.1,1.0,0.0,1.0,1.0,0.0,0.0,0.0,0.0,0.8,0.8,0.5,1.4,6.0,28.0,3.0,0.19,0.0,0.19,0.19,0.19,0.16,0.11,0.26,0.16,0.26,Matches,man_city,
345,Mateo Kovačić,hr CRO,MF,29-170,6.0,5,457.0,5.1,0.0,0.0,0.0,0.0,0.0,0.0,2.0,0.0,0.2,0.2,0.7,0.9,12.0,29.0,13.0,0.0,0.0,0.0,0.0,0.0,0.04,0.14,0.18,0.04,0.18,Matches,man_city,
346,Jeremy Doku,be BEL,FW,21-149,6.0,5,401.0,4.5,1.0,1.0,2.0,1.0,0.0,0.0,1.0,0.0,0.4,0.4,1.3,1.7,49.0,10.0,68.0,0.22,0.22,0.45,0.22,0.45,0.08,0.29,0.38,0.08,0.38,Matches,man_city,
347,Jack Grealish,eng ENG,FW,28-043,5.0,2,211.0,2.3,0.0,1.0,1.0,0.0,0.0,0.0,2.0,0.0,0.4,0.4,0.5,0.9,18.0,4.0,35.0,0.0,0.43,0.43,0.0,0.43,0.16,0.21,0.37,0.16,0.37,Matches,man_city,
348,Matheus Nunes,pt POR,MF,25-057,4.0,2,182.0,2.0,0.0,1.0,1.0,0.0,0.0,0.0,0.0,0.0,0.0,0.0,0.1,0.1,4.0,6.0,14.0,0.0,0.49,0.49,0.0,0.49,0.0,0.07,0.07,0.0,0.07,Matches,man_city,
349,Rico Lewis,eng ENG,"DF,MF",18-336,4.0,2,147.0,1.6,0.0,0.0,0.0,0.0,0.0,0.0,0.0,0.0,0.0,0.0,0.0,0.0,2.0,4.0,6.0,0.0,0.0,0.0,0.0,0.0,0.0,0.0,0.0,0.0,0.0,Matches,man_city,
350,John Stones,eng ENG,MF,29-148,2.0,1,97.0,1.1,0.0,0.0,0.0,0.0,0.0,0.0,0.0,0.0,0.0,0.0,0.0,0.0,0.0,2.0,2.0,0.0,0.0,0.0,0.0,0.0,0.0,0.0,0.0,0.0,0.0,Matches,man_city,
351,Stefan Ortega,de GER,GK,30-351,1.0,1,90.0,1.0,0.0,0.0,0.0,0.0,0.0,0.0,0.0,0.0,0.0,0.0,0.0,0.0,0.0,0.0,0.0,0.0,0.0,0.0,0.0,0.0,0.0,0.0,0.0,0.0,0.0,Matches,man_city,
352,Kevin De Bruyne,be BEL,MF,32-117,1.0,1,22.0,0.2,0.0,0.0,0.0,0.0,0.0,0.0,0.0,0.0,0.0,0.0,0.2,0.2,0.0,1.0,3.0,0.0,0.0,0.0,0.0,0.0,0.08,0.83,0.91,0.08,0.91,Matches,man_city,
353,Kalvin Phillips,eng ENG,MF,27-325,3.0,0,73.0,0.8,0.0,0.0,0.0,0.0,0.0,0.0,0.0,0.0,0.1,0.1,0.0,0.1,6.0,7.0,3.0,0.0,0.0,0.0,0.0,0.0,0.09,0.0,0.09,0.09,0.09,Matches,man_city,
354,Oscar Bobb,no NOR,"MF,FW",20-103,3.0,0,47.0,0.5,0.0,0.0,0.0,0.0,0.0,0.0,0.0,0.0,0.0,0.0,0.1,0.1,3.0,5.0,2.0,0.0,0.0,0.0,0.0,0.0,0.0,0.12,0.12,0.0,0.12,Matches,man_city,
355,Sergio Gómez,es ESP,FW,23-049,2.0,0,16.0,0.2,0.0,1.0,1.0,0.0,0.0,0.0,0.0,0.0,0.0,0.0,0.2,0.2,3.0,1.0,2.0,0.0,5.63,5.63,0.0,5.63,0.0,1.06,1.06,0.0,1.06,Matches,man_city,
356,Aymeric Laporte,es ESP,DF,29-149,1.0,0,12.0,0.1,0.0,0.0,0.0,0.0,0.0,0.0,0.0,0.0,0.0,0.0,0.0,0.0,0.0,0.0,0.0,0.0,0.0,0.0,0.0,0.0,0.27,0.0,0.27,0.27,0.27,Matches,man_city,
357,Cole Palmer,eng ENG,MF,21-170,1.0,0,11.0,0.1,0.0,0.0,0.0,0.0,0.0,0.0,0.0,0.0,0.0,0.0,0.0,0.0,0.0,0.0,0.0,0.0,0.0,0.0,0.0,0.0,0.0,0.0,0.0,0.0,0.0,Matches,man_city,
358,James Mcatee,eng ENG,MF,21-005,1.0,0,1.0,0.0,0.0,0.0,0.0,0.0,0.0,0.0,0.0,0.0,0.0,0.0,0.0,0.0,0.0,0.0,0.0,0.0,0.0,0.0,0.0,0.0,0.0,0.0,0.0,0.0,0.0,Matches,man_city,
359,Scott Carson,eng ENG,GK,38-050,0.0,0,,,,,,,,,,,,,,,,,,,,,,,,,,,,Matches,man_city,
360,Máximo Perrone,ar ARG,MF,20-289,0.0,0,,,,,,,,,,,,,,,,,,,,,,,,,,,,Matches,man_city,
361,Bruno Fernandes,pt POR,"MF,FW",29-045,9.0,9,810.0,9.0,2.0,2.0,4.0,1.0,1.0,1.0,3.0,0.0,2.8,2.0,3.7,5.7,11.0,89.0,56.0,0.22,0.22,0.44,0.11,0.33,0.31,0.41,0.72,0.23,0.63,Matches,man_united,
362,André Onana,cm CMR,GK,27-204,9.0,9,810.0,9.0,0.0,0.0,0.0,0.0,0.0,0.0,2.0,0.0,0.0,0.0,0.0,0.0,1.0,1.0,0.0,0.0,0.0,0.0,0.0,0.0,0.0,0.0,0.0,0.0,0.0,Matches,man_united,
363,Marcus Rashford,eng ENG,FW,25-357,9.0,9,756.0,8.4,1.0,1.0,2.0,1.0,0.0,0.0,1.0,0.0,3.1,3.1,1.1,4.2,39.0,22.0,80.0,0.12,0.12,0.24,0.12,0.24,0.36,0.13,0.49,0.36,0.49,Matches,man_united,
364,Casemiro,br BRA,MF,31-242,8.0,8,648.0,7.2,1.0,0.0,1.0,1.0,0.0,0.0,1.0,0.0,1.8,1.8,0.3,2.1,8.0,55.0,24.0,0.14,0.0,0.14,0.14,0.14,0.25,0.04,0.29,0.25,0.29,Matches,man_united,
365,Diogo Dalot,pt POR,DF,24-219,8.0,7,655.0,7.3,1.0,0.0,1.0,1.0,0.0,0.0,1.0,0.0,0.3,0.3,0.6,0.9,19.0,37.0,32.0,0.14,0.0,0.14,0.14,0.14,0.04,0.08,0.12,0.04,0.12,Matches,man_united,
366,Victor Lindelöf,se SWE,DF,29-098,8.0,6,600.0,6.7,0.0,1.0,1.0,0.0,0.0,0.0,1.0,0.0,0.1,0.1,0.3,0.4,7.0,16.0,8.0,0.0,0.15,0.15,0.0,0.15,0.02,0.04,0.06,0.02,0.06,Matches,man_united,
367,Rasmus Højlund,dk DEN,FW,20-261,6.0,5,419.0,4.7,0.0,0.0,0.0,0.0,0.0,0.0,0.0,0.0,1.4,1.4,0.1,1.5,5.0,6.0,32.0,0.0,0.0,0.0,0.0,0.0,0.29,0.03,0.32,0.29,0.32,Matches,man_united,
368,Antony,br BRA,"FW,MF",23-241,6.0,5,399.0,4.4,0.0,0.0,0.0,0.0,0.0,0.0,1.0,0.0,0.8,0.8,0.8,1.6,19.0,21.0,61.0,0.0,0.0,0.0,0.0,0.0,0.17,0.19,0.36,0.17,0.36,Matches,man_united,
369,Lisandro Martínez,ar ARG,DF,25-278,5.0,5,375.0,4.2,0.0,1.0,1.0,0.0,0.0,0.0,2.0,0.0,0.0,0.0,0.1,0.1,6.0,26.0,1.0,0.0,0.24,0.24,0.0,0.24,0.0,0.02,0.02,0.0,0.02,Matches,man_united,
370,Aaron Wan-Bissaka,eng ENG,DF,25-331,5.0,4,341.0,3.8,0.0,1.0,1.0,0.0,0.0,0.0,2.0,0.0,0.0,0.0,1.1,1.1,11.0,16.0,10.0,0.0,0.26,0.26,0.0,0.26,0.0,0.3,0.3,0.0,0.3,Matches,man_united,
371,Raphaël Varane,fr FRA,DF,30-181,6.0,4,330.0,3.7,1.0,0.0,1.0,1.0,0.0,0.0,0.0,0.0,1.1,1.1,0.1,1.2,6.0,26.0,1.0,0.27,0.0,0.27,0.27,0.27,0.31,0.02,0.32,0.31,0.32,Matches,man_united,
372,Mason Mount,eng ENG,MF,24-286,5.0,4,292.0,3.2,0.0,0.0,0.0,0.0,0.0,0.0,1.0,0.0,0.2,0.2,0.2,0.4,5.0,11.0,19.0,0.0,0.0,0.0,0.0,0.0,0.06,0.06,0.12,0.06,0.12,Matches,man_united,
373,Christian Eriksen,dk DEN,MF,31-251,8.0,3,405.0,4.5,1.0,1.0,2.0,1.0,0.0,0.0,0.0,0.0,0.4,0.4,0.4,0.8,10.0,23.0,14.0,0.22,0.22,0.44,0.22,0.44,0.08,0.09,0.17,0.08,0.17,Matches,man_united,
374,Sofyan Amrabat,ma MAR,"MF,DF",27-063,4.0,3,268.0,3.0,0.0,0.0,0.0,0.0,0.0,0.0,1.0,0.0,0.0,0.0,0.1,0.1,4.0,35.0,4.0,0.0,0.0,0.0,0.0,0.0,0.01,0.03,0.04,0.01,0.04,Matches,man_united,
375,Jonny Evans,nir NIR,DF,35-293,4.0,3,268.0,3.0,0.0,1.0,1.0,0.0,0.0,0.0,1.0,0.0,0.0,0.0,0.2,0.2,1.0,9.0,0.0,0.0,0.34,0.34,0.0,0.34,0.0,0.05,0.05,0.0,0.05,Matches,man_united,
376,Scott McTominay,sct SCO,MF,26-319,6.0,3,249.0,2.8,3.0,0.0,3.0,3.0,0.0,0.0,0.0,0.0,0.5,0.5,0.0,0.6,3.0,5.0,7.0,1.08,0.0,1.08,1.08,1.08,0.19,0.02,0.2,0.19,0.2,Matches,man_united,
377,Alejandro Garnacho,ar ARG,"FW,MF",19-114,7.0,2,230.0,2.6,0.0,0.0,0.0,0.0,0.0,0.0,0.0,0.0,0.6,0.6,0.3,0.9,19.0,8.0,32.0,0.0,0.0,0.0,0.0,0.0,0.25,0.11,0.37,0.25,0.37,Matches,man_united,
378,Anthony Martial,fr FRA,"FW,MF",27-322,7.0,2,220.0,2.4,0.0,0.0,0.0,0.0,0.0,0.0,0.0,0.0,0.2,0.2,0.2,0.4,3.0,7.0,20.0,0.0,0.0,0.0,0.0,0.0,0.09,0.07,0.17,0.09,0.17,Matches,man_united,
379,Harry Maguire,eng ENG,DF,30-232,4.0,2,208.0,2.3,0.0,1.0,1.0,0.0,0.0,0.0,0.0,0.0,0.0,0.0,0.3,0.3,2.0,13.0,0.0,0.0,0.43,0.43,0.0,0.43,0.0,0.12,0.12,0.0,0.12,Matches,man_united,
380,Luke Shaw,eng ENG,DF,28-103,2.0,2,180.0,2.0,0.0,0.0,0.0,0.0,0.0,0.0,1.0,0.0,0.0,0.0,0.7,0.7,1.0,11.0,8.0,0.0,0.0,0.0,0.0,0.0,0.0,0.36,0.36,0.0,0.36,Matches,man_united,
381,Sergio Reguilón,es ESP,DF,26-311,2.0,2,162.0,1.8,0.0,0.0,0.0,0.0,0.0,0.0,1.0,0.0,0.0,0.0,0.2,0.2,2.0,4.0,7.0,0.0,0.0,0.0,0.0,0.0,0.0,0.1,0.1,0.0,0.1,Matches,man_united,
382,Hannibal Mejbri,tn TUN,MF,20-275,2.0,1,117.0,1.3,1.0,0.0,1.0,1.0,0.0,0.0,1.0,0.0,0.0,0.0,0.4,0.4,2.0,6.0,8.0,0.77,0.0,0.77,0.77,0.77,0.02,0.29,0.31,0.02,0.31,Matches,man_united,
383,Facundo Pellistri,uy URU,"FW,MF",21-307,4.0,1,86.0,1.0,0.0,0.0,0.0,0.0,0.0,0.0,0.0,0.0,0.4,0.4,0.0,0.4,4.0,3.0,20.0,0.0,0.0,0.0,0.0,0.0,0.46,0.0,0.46,0.46,0.46,Matches,man_united,
384,Jadon Sancho,eng ENG,"FW,MF",23-212,3.0,0,79.0,0.9,0.0,0.0,0.0,0.0,0.0,0.0,0.0,0.0,0.0,0.0,0.1,0.1,10.0,4.0,5.0,0.0,0.0,0.0,0.0,0.0,0.0,0.06,0.06,0.0,0.06,Matches,man_united,
385,Donny van de Beek,nl NED,DF,26-188,1.0,0,3.0,0.0,0.0,0.0,0.0,0.0,0.0,0.0,0.0,0.0,0.0,0.0,0.1,0.2,0.0,0.0,1.0,0.0,0.0,0.0,0.0,0.0,1.09,4.44,5.54,1.09,5.54,Matches,man_united,
386,Altay Bayındır,tr TUR,GK,25-192,0.0,0,,,,,,,,,,,,,,,,,,,,,,,,,,,,Matches,man_united,
387,Álvaro Fernández,es ESP,"DF,MF",20-214,0.0,0,,,,,,,,,,,,,,,,,,,,,,,,,,,,Matches,man_united,
388,Daniel Gore,eng ENG,MF,19-027,0.0,0,,,,,,,,,,,,,,,,,,,,,,,,,,,,Matches,man_united,
389,Dean Henderson,eng ENG,GK,26-225,0.0,0,,,,,,,,,,,,,,,,,,,,,,,,,,,,Matches,man_united,
390,Radek Vítek,,GK,19-364,0.0,0,,,,,,,,,,,,,,,,,,,,,,,,,,,,Matches,man_united,
391,Dan Burn,eng ENG,DF,31-167,,9,810.0,9.0,1.0,0.0,1.0,1.0,0.0,0.0,1.0,0.0,0.9,0.9,0.5,1.4,6.0,27.0,15.0,0.11,0.0,0.11,0.11,0.11,0.1,0.06,0.16,0.1,0.16,Matches,newcastle,9.0
392,Nick Pope,eng ENG,GK,31-187,,9,810.0,9.0,0.0,0.0,0.0,0.0,0.0,0.0,0.0,0.0,0.0,0.0,0.0,0.0,0.0,0.0,0.0,0.0,0.0,0.0,0.0,0.0,0.0,0.0,0.0,0.0,0.0,Matches,newcastle,9.0
393,Fabian Schär,ch SUI,DF,31-307,,9,810.0,9.0,0.0,0.0,0.0,0.0,0.0,0.0,1.0,0.0,0.5,0.5,0.0,0.5,2.0,29.0,2.0,0.0,0.0,0.0,0.0,0.0,0.05,0.0,0.06,0.05,0.06,Matches,newcastle,9.0
394,Bruno Guimarães,br BRA,MF,25-341,,9,772.0,8.6,1.0,1.0,2.0,1.0,0.0,0.0,4.0,0.0,0.9,0.9,1.1,2.0,12.0,60.0,12.0,0.12,0.12,0.23,0.12,0.23,0.1,0.13,0.23,0.1,0.23,Matches,newcastle,9.0
395,Kieran Trippier,eng ENG,DF,33-034,,9,767.0,8.5,0.0,6.0,6.0,0.0,0.0,0.0,2.0,0.0,0.1,0.1,3.7,3.7,15.0,65.0,50.0,0.0,0.7,0.7,0.0,0.7,0.01,0.43,0.44,0.01,0.44,Matches,newcastle,9.0
396,Anthony Gordon,eng ENG,FW,22-241,,7,611.0,6.8,3.0,2.0,5.0,3.0,0.0,0.0,5.0,0.0,2.5,2.5,1.7,4.1,34.0,20.0,47.0,0.44,0.29,0.74,0.44,0.74,0.36,0.25,0.61,0.36,0.61,Matches,newcastle,8.0
397,Miguel Almirón,py PAR,FW,29-255,,7,585.0,6.5,2.0,0.0,2.0,2.0,0.0,0.0,1.0,0.0,1.3,1.3,0.4,1.7,32.0,23.0,60.0,0.31,0.0,0.31,0.31,0.31,0.2,0.06,0.26,0.2,0.26,Matches,newcastle,9.0
398,Alexander Isak,se SWE,FW,24-032,,6,492.0,5.5,6.0,0.0,6.0,5.0,1.0,1.0,0.0,0.0,5.4,4.6,0.3,4.9,13.0,10.0,24.0,1.1,0.0,1.1,0.91,0.91,0.99,0.05,1.04,0.84,0.9,Matches,newcastle,8.0
399,Sean Longstaff,eng ENG,MF,25-358,,5,542.0,6.0,2.0,1.0,3.0,2.0,0.0,0.0,2.0,0.0,1.1,1.1,0.9,2.0,4.0,37.0,23.0,0.33,0.17,0.5,0.33,0.5,0.19,0.15,0.34,0.19,0.34,Matches,newcastle,9.0
400,Sven Botman,nl NED,DF,23-284,,5,446.0,5.0,1.0,1.0,2.0,1.0,0.0,0.0,1.0,0.0,0.3,0.3,0.7,1.0,0.0,9.0,2.0,0.2,0.2,0.4,0.2,0.4,0.06,0.14,0.2,0.06,0.2,Matches,newcastle,5.0
401,Sandro Tonali,it ITA,MF,23-168,,5,438.0,4.9,1.0,0.0,1.0,1.0,0.0,0.0,2.0,0.0,0.7,0.7,0.6,1.3,11.0,19.0,21.0,0.21,0.0,0.21,0.21,0.21,0.13,0.13,0.26,0.13,0.26,Matches,newcastle,8.0
402,Joelinton,br BRA,MF,27-070,,5,367.0,4.1,0.0,0.0,0.0,0.0,0.0,0.0,1.0,0.0,0.3,0.3,0.3,0.7,5.0,10.0,14.0,0.0,0.0,0.0,0.0,0.0,0.08,0.08,0.16,0.08,0.16,Matches,newcastle,6.0
403,Elliot Anderson,sct SCO,"MF,FW",20-351,,4,411.0,4.6,0.0,1.0,1.0,0.0,0.0,0.0,0.0,0.0,0.7,0.7,0.9,1.6,14.0,26.0,33.0,0.0,0.22,0.22,0.0,0.22,0.16,0.19,0.35,0.16,0.35,Matches,newcastle,9.0
404,Callum Wilson,eng ENG,FW,31-238,,3,333.0,3.7,5.0,0.0,5.0,4.0,1.0,1.0,1.0,0.0,4.3,3.6,0.0,3.6,4.0,2.0,28.0,1.35,0.0,1.35,1.08,1.08,1.18,0.01,1.18,0.96,0.97,Matches,newcastle,8.0
405,Jamaal Lascelles,eng ENG,DF,29-346,,3,287.0,3.2,0.0,0.0,0.0,0.0,0.0,0.0,0.0,0.0,0.1,0.1,0.0,0.1,1.0,7.0,1.0,0.0,0.0,0.0,0.0,0.0,0.03,0.0,0.03,0.03,0.03,Matches,newcastle,4.0
406,Harvey Barnes,eng ENG,FW,25-318,,2,187.0,2.1,1.0,1.0,2.0,1.0,0.0,0.0,1.0,0.0,0.7,0.7,0.9,1.6,15.0,5.0,16.0,0.48,0.48,0.96,0.48,0.96,0.35,0.42,0.76,0.35,0.76,Matches,newcastle,6.0
407,Jacob Murphy,eng ENG,FW,28-241,,1,105.0,1.2,1.0,3.0,4.0,1.0,0.0,0.0,0.0,0.0,0.0,0.0,1.4,1.5,6.0,10.0,12.0,0.86,2.57,3.43,0.86,3.43,0.04,1.21,1.26,0.04,1.26,Matches,newcastle,4.0
408,Matt Targett,eng ENG,DF,28-035,,1,78.0,0.9,0.0,0.0,0.0,0.0,0.0,0.0,1.0,0.0,0.0,0.0,0.0,0.0,1.0,2.0,0.0,0.0,0.0,0.0,0.0,0.0,0.0,0.03,0.03,0.0,0.03,Matches,newcastle,3.0
409,Valentino Livramento,eng ENG,"DF,FW",20-345,,0,49.0,0.5,0.0,0.0,0.0,0.0,0.0,0.0,0.0,0.0,0.0,0.0,0.0,0.0,2.0,4.0,3.0,0.0,0.0,0.0,0.0,0.0,0.0,0.0,0.0,0.0,0.0,Matches,newcastle,4.0
410,Lewis Hall,eng ENG,DF,19-045,,0,10.0,0.1,0.0,0.0,0.0,0.0,0.0,0.0,0.0,0.0,0.0,0.0,0.0,0.0,0.0,0.0,0.0,0.0,0.0,0.0,0.0,0.0,0.0,0.0,0.0,0.0,0.0,Matches,newcastle,1.0
411,Martin Dúbravka,sk SVK,GK,34-281,,0,,,,,,,,,,,,,,,,,,,,,,,,,,,,Matches,newcastle,0.0
412,Paul Dummett,wls WAL,DF,32-027,,0,,,,,,,,,,,,,,,,,,,,,,,,,,,,Matches,newcastle,0.0
413,Javier Manquillo,es ESP,DF,29-171,,0,,,,,,,,,,,,,,,,,,,,,,,,,,,,Matches,newcastle,0.0
414,Matt Ritchie,sct SCO,"DF,MF",34-043,,0,,,,,,,,,,,,,,,,,,,,,,,,,,,,Matches,newcastle,0.0
415,Matt Turner,us USA,GK,29-121,,9,810.0,9.0,0.0,0.0,0.0,0.0,0.0,0.0,1.0,0.0,0.0,0.0,0.0,0.0,0.0,0.0,0.0,0.0,0.0,0.0,0.0,0.0,0.0,0.0,0.0,0.0,0.0,Matches,forest,9.0
416,Morgan Gibbs-White,eng ENG,"MF,FW",23-269,,8,751.0,8.3,0.0,1.0,1.0,0.0,0.0,0.0,3.0,0.0,1.2,1.2,2.0,3.2,22.0,35.0,46.0,0.0,0.12,0.12,0.0,0.12,0.15,0.24,0.39,0.15,0.39,Matches,forest,9.0
417,Willy Boly,ci CIV,DF,32-262,,8,685.0,7.6,1.0,0.0,1.0,1.0,0.0,0.0,1.0,0.0,1.1,1.1,0.8,1.8,2.0,15.0,1.0,0.13,0.0,0.13,0.13,0.13,0.14,0.1,0.24,0.14,0.24,Matches,forest,8.0
418,Orel Mangala,be BEL,MF,25-219,,8,650.0,7.2,0.0,0.0,0.0,0.0,0.0,0.0,3.0,0.0,0.3,0.3,0.2,0.4,3.0,18.0,4.0,0.0,0.0,0.0,0.0,0.0,0.04,0.02,0.06,0.04,0.06,Matches,forest,8.0
419,Serge Aurier,ci CIV,"DF,MF",30-303,,8,618.0,6.9,0.0,2.0,2.0,0.0,0.0,0.0,2.0,0.0,0.1,0.1,0.5,0.6,8.0,30.0,20.0,0.0,0.29,0.29,0.0,0.29,0.01,0.07,0.08,0.01,0.08,Matches,forest,8.0
420,Taiwo Awoniyi,ng NGA,FW,26-072,,6,488.0,5.4,3.0,2.0,5.0,3.0,0.0,0.0,1.0,0.0,2.3,2.3,0.8,3.1,5.0,7.0,22.0,0.55,0.37,0.92,0.55,0.92,0.43,0.14,0.57,0.43,0.57,Matches,forest,7.0
421,Joe Worrall,eng ENG,DF,26-286,,5,438.0,4.9,0.0,0.0,0.0,0.0,0.0,0.0,0.0,1.0,0.1,0.1,0.2,0.3,0.0,8.0,1.0,0.0,0.0,0.0,0.0,0.0,0.02,0.04,0.06,0.02,0.06,Matches,forest,6.0
422,Scott McKenna,sct SCO,DF,26-345,,5,416.0,4.6,0.0,0.0,0.0,0.0,0.0,0.0,0.0,0.0,0.2,0.2,0.2,0.4,1.0,10.0,0.0,0.0,0.0,0.0,0.0,0.0,0.05,0.04,0.08,0.05,0.08,Matches,forest,5.0
423,Ola Aina,ng NGA,"DF,MF",27-015,,5,400.0,4.4,0.0,0.0,0.0,0.0,0.0,0.0,3.0,0.0,0.0,0.0,0.0,0.1,10.0,11.0,4.0,0.0,0.0,0.0,0.0,0.0,0.01,0.01,0.02,0.01,0.02,Matches,forest,6.0
424,Ibrahim Sangaré,ci CIV,MF,25-325,,5,373.0,4.1,0.0,0.0,0.0,0.0,0.0,0.0,3.0,0.0,0.5,0.5,0.1,0.6,2.0,12.0,3.0,0.0,0.0,0.0,0.0,0.0,0.13,0.02,0.15,0.13,0.15,Matches,forest,5.0
425,Nicolás Domínguez,ar ARG,MF,25-117,,4,336.0,3.7,1.0,0.0,1.0,1.0,0.0,0.0,0.0,0.0,0.2,0.2,0.0,0.2,3.0,26.0,13.0,0.27,0.0,0.27,0.27,0.27,0.05,0.0,0.05,0.05,0.05,Matches,forest,4.0
426,Danilo,br BRA,"MF,FW",22-177,,4,283.0,3.1,0.0,0.0,0.0,0.0,0.0,0.0,0.0,0.0,0.2,0.2,0.1,0.2,3.0,7.0,7.0,0.0,0.0,0.0,0.0,0.0,0.05,0.02,0.07,0.05,0.07,Matches,forest,4.0
427,Anthony Elanga,se SWE,"FW,MF",21-179,,3,385.0,4.3,1.0,3.0,4.0,1.0,0.0,0.0,0.0,0.0,0.8,0.8,1.9,2.7,23.0,12.0,38.0,0.23,0.7,0.94,0.23,0.94,0.19,0.43,0.63,0.19,0.63,Matches,forest,9.0
428,Ryan Yates,eng ENG,MF,25-336,,3,340.0,3.8,0.0,0.0,0.0,0.0,0.0,0.0,2.0,0.0,0.1,0.1,0.0,0.1,4.0,8.0,6.0,0.0,0.0,0.0,0.0,0.0,0.02,0.0,0.02,0.02,0.02,Matches,forest,7.0
429,Murillo,br BRA,DF,21-111,,3,270.0,3.0,0.0,0.0,0.0,0.0,0.0,0.0,1.0,0.0,0.5,0.5,0.1,0.6,6.0,12.0,0.0,0.0,0.0,0.0,0.0,0.0,0.16,0.04,0.21,0.16,0.21,Matches,forest,3.0
430,Brennan Johnson,wls WAL,"FW,MF",22-153,,3,237.0,2.6,0.0,0.0,0.0,0.0,0.0,0.0,0.0,0.0,0.3,0.3,0.2,0.5,8.0,1.0,14.0,0.0,0.0,0.0,0.0,0.0,0.12,0.08,0.21,0.12,0.21,Matches,forest,3.0
431,Callum Hudson-Odoi,eng ENG,FW,22-350,,3,229.0,2.5,1.0,0.0,1.0,1.0,0.0,0.0,0.0,0.0,0.1,0.1,0.2,0.4,18.0,8.0,25.0,0.39,0.0,0.39,0.39,0.39,0.05,0.09,0.14,0.05,0.14,Matches,forest,4.0
432,Chris Wood,nz NZL,FW,31-320,,2,238.0,2.6,3.0,0.0,3.0,3.0,0.0,0.0,0.0,0.0,2.1,2.1,0.2,2.3,3.0,3.0,10.0,1.13,0.0,1.13,1.13,1.13,0.79,0.07,0.86,0.79,0.86,Matches,forest,9.0
433,Harry Toffolo,eng ENG,DF,28-065,,2,211.0,2.3,0.0,1.0,1.0,0.0,0.0,0.0,0.0,0.0,0.4,0.4,0.2,0.5,1.0,8.0,13.0,0.0,0.43,0.43,0.0,0.43,0.15,0.07,0.22,0.15,0.22,Matches,forest,3.0
434,Moussa Niakhate,sn SEN,DF,27-229,,2,180.0,2.0,0.0,0.0,0.0,0.0,0.0,0.0,2.0,1.0,0.0,0.0,0.0,0.0,1.0,6.0,2.0,0.0,0.0,0.0,0.0,0.0,0.0,0.0,0.0,0.0,0.0,Matches,forest,4.0
435,Gonzalo Montiel,ar ARG,DF,26-295,,1,168.0,1.9,0.0,0.0,0.0,0.0,0.0,0.0,2.0,0.0,0.1,0.1,0.1,0.2,4.0,9.0,7.0,0.0,0.0,0.0,0.0,0.0,0.05,0.06,0.11,0.05,0.11,Matches,forest,4.0
436,Neco Williams,wls WAL,"MF,DF",22-193,,1,112.0,1.2,0.0,0.0,0.0,0.0,0.0,0.0,0.0,0.0,0.0,0.0,0.0,0.1,1.0,3.0,4.0,0.0,0.0,0.0,0.0,0.0,0.02,0.02,0.04,0.02,0.04,Matches,forest,3.0
437,Nuno Tavares,pt POR,DF,23-270,,1,95.0,1.1,0.0,0.0,0.0,0.0,0.0,0.0,2.0,0.0,0.0,0.0,0.0,0.0,3.0,1.0,1.0,0.0,0.0,0.0,0.0,0.0,0.0,0.0,0.0,0.0,0.0,Matches,forest,3.0
438,Cheikhou Kouyaté,sn SEN,MF,33-306,,0,76.0,0.8,0.0,0.0,0.0,0.0,0.0,0.0,1.0,0.0,0.1,0.1,0.0,0.1,0.0,2.0,1.0,0.0,0.0,0.0,0.0,0.0,0.09,0.05,0.14,0.09,0.14,Matches,forest,7.0
439,Divock Origi,be BEL,"FW,MF",28-188,,0,62.0,0.7,0.0,0.0,0.0,0.0,0.0,0.0,1.0,0.0,0.1,0.1,0.2,0.3,1.0,0.0,2.0,0.0,0.0,0.0,0.0,0.0,0.09,0.33,0.42,0.09,0.42,Matches,forest,4.0
440,Brandon Aguilera,cr CRC,MF,20-117,,0,,,,,,,,,,,,,,,,,,,,,,,,,,,,Matches,forest,0.0
441,Felipe,br BRA,DF,34-160,,0,,,,,,,,,,,,,,,,,,,,,,,,,,,,Matches,forest,0.0
442,Remo Freuler,ch SUI,MF,31-191,,0,,,,,,,,,,,,,,,,,,,,,,,,,,,,Matches,forest,0.0
443,Ethan Horvath,us USA,GK,28-136,,0,,,,,,,,,,,,,,,,,,,,,,,,,,,,Matches,forest,0.0
444,Lewis O'Brien,eng ENG,MF,25-009,,0,,,,,,,,,,,,,,,,,,,,,,,,,,,,Matches,forest,0.0
445,Andrey Santos,br BRA,MF,19-173,,0,,,,,,,,,,,,,,,,,,,,,,,,,,,,Matches,forest,0.0
446,Hwang Ui-jo,kr KOR,"FW,MF",31-056,,0,,,,,,,,,,,,,,,,,,,,,,,,,,,,Matches,forest,0.0
447,Odisseas Vlachodimos,gr GRE,GK,29-180,,0,,,,,,,,,,,,,,,,,,,,,,,,,,,,Matches,forest,0.0
448,Wes Foderingham,eng ENG,GK,32-282,,9,810.0,9.0,0.0,0.0,0.0,0.0,0.0,0.0,1.0,0.0,0.0,0.0,0.0,0.0,0.0,0.0,0.0,0.0,0.0,0.0,0.0,0.0,0.0,0.0,0.0,0.0,0.0,Matches,sheffield,9.0
449,Jack Robinson,eng ENG,DF,30-052,,8,765.0,8.5,0.0,1.0,1.0,0.0,0.0,0.0,2.0,0.0,0.5,0.5,0.2,0.7,1.0,15.0,3.0,0.0,0.12,0.12,0.0,0.12,0.06,0.02,0.08,0.06,0.08,Matches,sheffield,9.0
450,Anel Ahmedhodžić,ba BIH,DF,24-211,,8,720.0,8.0,0.0,0.0,0.0,0.0,0.0,0.0,3.0,0.0,0.9,0.9,0.0,0.9,3.0,11.0,10.0,0.0,0.0,0.0,0.0,0.0,0.11,0.0,0.11,0.11,0.11,Matches,sheffield,8.0
451,Vinicius Souza,br BRA,MF,24-128,,8,698.0,7.8,0.0,0.0,0.0,0.0,0.0,0.0,2.0,0.0,0.2,0.2,0.0,0.2,3.0,23.0,9.0,0.0,0.0,0.0,0.0,0.0,0.02,0.0,0.02,0.02,0.02,Matches,sheffield,9.0
452,Gustavo Hamer,nl NED,MF,26-121,,8,641.0,7.1,2.0,0.0,2.0,2.0,0.0,0.0,1.0,0.0,0.7,0.7,0.7,1.4,8.0,31.0,16.0,0.28,0.0,0.28,0.28,0.28,0.1,0.09,0.19,0.1,0.19,Matches,sheffield,8.0
453,Oliver Norwood,nir NIR,MF,32-194,,7,611.0,6.8,0.0,0.0,0.0,0.0,0.0,0.0,2.0,0.0,0.1,0.1,0.4,0.5,0.0,26.0,4.0,0.0,0.0,0.0,0.0,0.0,0.02,0.06,0.08,0.02,0.08,Matches,sheffield,8.0
454,Cameron Archer,eng ENG,FW,22-094,,6,500.0,5.6,1.0,0.0,1.0,1.0,0.0,0.0,1.0,0.0,0.6,0.6,0.5,1.1,7.0,7.0,30.0,0.18,0.0,0.18,0.18,0.18,0.1,0.09,0.19,0.1,0.19,Matches,sheffield,6.0
455,John Egan,ie IRL,DF,31-003,,6,482.0,5.4,0.0,0.0,0.0,0.0,0.0,0.0,2.0,0.0,0.2,0.2,0.0,0.2,0.0,5.0,1.0,0.0,0.0,0.0,0.0,0.0,0.03,0.0,0.03,0.03,0.03,Matches,sheffield,6.0
456,Luke Thomas,eng ENG,DF,22-135,,5,448.0,5.0,0.0,0.0,0.0,0.0,0.0,0.0,1.0,0.0,0.5,0.5,0.0,0.5,5.0,19.0,14.0,0.0,0.0,0.0,0.0,0.0,0.1,0.0,0.1,0.1,0.1,Matches,sheffield,6.0
457,Oliver McBurnie,sct SCO,FW,27-141,,5,430.0,4.8,1.0,1.0,2.0,0.0,1.0,1.0,3.0,1.0,1.8,1.1,0.6,1.7,2.0,10.0,24.0,0.21,0.21,0.42,0.0,0.21,0.39,0.13,0.52,0.22,0.35,Matches,sheffield,6.0
458,Jayden Bogle,eng ENG,DF,23-088,,5,408.0,4.5,1.0,0.0,1.0,1.0,0.0,0.0,0.0,0.0,0.6,0.6,0.3,0.9,4.0,6.0,12.0,0.22,0.0,0.22,0.22,0.22,0.13,0.07,0.2,0.13,0.2,Matches,sheffield,6.0
459,James Mcatee,eng ENG,MF,21-005,,4,314.0,3.5,0.0,0.0,0.0,0.0,0.0,0.0,1.0,0.0,0.3,0.3,0.4,0.7,11.0,9.0,19.0,0.0,0.0,0.0,0.0,0.0,0.09,0.11,0.2,0.09,0.2,Matches,sheffield,5.0
460,Bénie Adama Traore,ci CIV,"FW,MF",20-327,,3,325.0,3.6,0.0,0.0,0.0,0.0,0.0,0.0,0.0,0.0,0.3,0.3,0.5,0.7,7.0,9.0,13.0,0.0,0.0,0.0,0.0,0.0,0.07,0.13,0.2,0.07,0.2,Matches,sheffield,6.0
461,Chris Basham,eng ENG,"DF,MF",35-095,,3,321.0,3.6,0.0,0.0,0.0,0.0,0.0,0.0,1.0,0.0,0.1,0.1,0.3,0.4,1.0,7.0,6.0,0.0,0.0,0.0,0.0,0.0,0.04,0.07,0.1,0.04,0.1,Matches,sheffield,8.0
462,George Baldock,gr GRE,"DF,MF",30-228,,3,250.0,2.8,0.0,0.0,0.0,0.0,0.0,0.0,1.0,0.0,0.0,0.0,0.2,0.2,2.0,6.0,12.0,0.0,0.0,0.0,0.0,0.0,0.0,0.06,0.06,0.0,0.06,Matches,sheffield,3.0
463,William Osula,dk DEN,FW,20-080,,3,233.0,2.6,0.0,0.0,0.0,0.0,0.0,0.0,2.0,0.0,0.3,0.3,0.0,0.3,2.0,0.0,9.0,0.0,0.0,0.0,0.0,0.0,0.11,0.0,0.11,0.11,0.11,Matches,sheffield,3.0
464,Ben Osborn,eng ENG,"DF,FW",29-079,,3,205.0,2.3,0.0,0.0,0.0,0.0,0.0,0.0,1.0,0.0,0.1,0.1,0.0,0.1,1.0,8.0,8.0,0.0,0.0,0.0,0.0,0.0,0.05,0.01,0.06,0.05,0.06,Matches,sheffield,4.0
465,Auston Trusty,us USA,DF,25-072,,2,197.0,2.2,0.0,0.0,0.0,0.0,0.0,0.0,1.0,0.0,0.0,0.0,0.0,0.0,0.0,1.0,1.0,0.0,0.0,0.0,0.0,0.0,0.0,0.01,0.01,0.0,0.01,Matches,sheffield,4.0
466,Max Lowe,eng ENG,"MF,DF",26-165,,2,124.0,1.4,0.0,0.0,0.0,0.0,0.0,0.0,0.0,0.0,0.0,0.0,0.0,0.0,0.0,4.0,2.0,0.0,0.0,0.0,0.0,0.0,0.0,0.01,0.01,0.0,0.01,Matches,sheffield,2.0
467,Yasser Larouci,dz ALG,DF,22-295,,1,222.0,2.5,0.0,0.0,0.0,0.0,0.0,0.0,0.0,0.0,0.2,0.2,0.0,0.2,8.0,5.0,3.0,0.0,0.0,0.0,0.0,0.0,0.07,0.0,0.07,0.07,0.07,Matches,sheffield,5.0
468,Rhian Brewster,eng ENG,FW,23-205,,0,63.0,0.7,0.0,0.0,0.0,0.0,0.0,0.0,0.0,0.0,0.0,0.0,0.1,0.1,1.0,1.0,5.0,0.0,0.0,0.0,0.0,0.0,0.04,0.09,0.13,0.04,0.13,Matches,sheffield,3.0
469,Tom Davies,eng ENG,MF,25-115,,0,60.0,0.7,0.0,0.0,0.0,0.0,0.0,0.0,1.0,0.0,0.1,0.1,0.1,0.2,3.0,4.0,1.0,0.0,0.0,0.0,0.0,0.0,0.14,0.11,0.25,0.14,0.25,Matches,sheffield,3.0
470,Anis Ben Slimane,tn TUN,MF,22-221,,0,48.0,0.5,0.0,0.0,0.0,0.0,0.0,0.0,2.0,0.0,0.1,0.1,0.0,0.1,0.0,5.0,8.0,0.0,0.0,0.0,0.0,0.0,0.22,0.0,0.22,0.22,0.22,Matches,sheffield,3.0
471,Andre Brooks,eng ENG,"MF,FW",20-064,,0,21.0,0.2,0.0,0.0,0.0,0.0,0.0,0.0,0.0,0.0,0.0,0.0,0.0,0.0,0.0,0.0,2.0,0.0,0.0,0.0,0.0,0.0,0.0,0.0,0.0,0.0,0.0,Matches,sheffield,2.0
472,Antwoine Hackford,eng ENG,FW,19-217,,0,13.0,0.1,0.0,0.0,0.0,0.0,0.0,0.0,0.0,0.0,0.0,0.0,0.0,0.0,0.0,0.0,0.0,0.0,0.0,0.0,0.0,0.0,0.0,0.0,0.0,0.0,0.0,Matches,sheffield,2.0
473,Jordan Amissah,gh GHA,GK,22-082,,0,,,,,,,,,,,,,,,,,,,,,,,,,,,,Matches,sheffield,0.0
474,Jili Buyabu,eng ENG,MF,22-075,,0,,,,,,,,,,,,,,,,,,,,,,,,,,,,Matches,sheffield,0.0
475,Ismaila Cheick Coulibaly,ml MLI,MF,22-302,,0,,,,,,,,,,,,,,,,,,,,,,,,,,,,Matches,sheffield,0.0
476,Adam Davies,wls WAL,GK,31-098,,0,,,,,,,,,,,,,,,,,,,,,,,,,,,,Matches,sheffield,0.0
477,John Fleck,sct SCO,"FW,MF",32-060,,0,,,,,,,,,,,,,,,,,,,,,,,,,,,,Matches,sheffield,0.0
478,Louie Marsh,eng ENG,FW,20-007,,0,,,,,,,,,,,,,,,,,,,,,,,,,,,,Matches,sheffield,0.0
479,Ryan One,sct SCO,MF,17-119,,0,,,,,,,,,,,,,,,,,,,,,,,,,,,,Matches,sheffield,0.0
480,Femi Seriki,eng ENG,DF,21-178,,0,,,,,,,,,,,,,,,,,,,,,,,,,,,,Matches,sheffield,0.0
481,Guglielmo Vicario,it ITA,GK,27-016,,8,720.0,8.0,0.0,0.0,0.0,0.0,0.0,0.0,1.0,0.0,0.0,0.0,0.0,0.0,0.0,0.0,0.0,0.0,0.0,0.0,0.0,0.0,0.0,0.0,0.0,0.0,0.0,Matches,spurs,8.0
482,Micky van de Ven,nl NED,DF,22-187,,8,719.0,8.0,1.0,0.0,1.0,1.0,0.0,0.0,1.0,0.0,0.3,0.3,0.0,0.3,7.0,23.0,1.0,0.13,0.0,0.13,0.13,0.13,0.03,0.0,0.03,0.03,0.03,Matches,spurs,8.0
483,Dejan Kulusevski,se SWE,FW,23-181,,8,711.0,7.9,2.0,0.0,2.0,2.0,0.0,0.0,1.0,0.0,0.9,0.9,2.3,3.2,51.0,30.0,105.0,0.25,0.0,0.25,0.25,0.25,0.11,0.29,0.4,0.11,0.4,Matches,spurs,8.0
484,Destiny Udogie,it ITA,DF,20-329,,8,673.0,7.5,0.0,2.0,2.0,0.0,0.0,0.0,3.0,0.0,0.1,0.1,0.7,0.8,24.0,42.0,41.0,0.0,0.27,0.27,0.0,0.27,0.01,0.1,0.11,0.01,0.11,Matches,spurs,8.0
485,James Maddison,eng ENG,MF,26-334,,8,668.0,7.4,2.0,5.0,7.0,2.0,0.0,0.0,2.0,0.0,2.1,2.1,2.6,4.7,20.0,81.0,62.0,0.27,0.67,0.94,0.27,0.94,0.29,0.35,0.63,0.29,0.63,Matches,spurs,8.0
486,Yves Bissouma,ml MLI,MF,27-054,,8,656.0,7.3,0.0,0.0,0.0,0.0,0.0,0.0,6.0,1.0,0.8,0.8,0.3,1.1,25.0,62.0,5.0,0.0,0.0,0.0,0.0,0.0,0.11,0.03,0.15,0.11,0.15,Matches,spurs,8.0
487,Cristian Romero,ar ARG,DF,25-179,,8,643.0,7.1,2.0,0.0,2.0,2.0,0.0,0.0,2.0,0.0,0.9,0.9,0.1,1.0,8.0,40.0,2.0,0.28,0.0,0.28,0.28,0.28,0.13,0.02,0.14,0.13,0.14,Matches,spurs,8.0
488,Son Heung-min,kr KOR,FW,31-107,,8,625.0,6.9,6.0,0.0,6.0,6.0,0.0,0.0,0.0,0.0,3.2,3.2,1.8,4.9,17.0,30.0,69.0,0.86,0.0,0.86,0.86,0.86,0.46,0.26,0.71,0.46,0.71,Matches,spurs,8.0
489,Pedro Porro,es ESP,DF,24-040,,7,626.0,7.0,0.0,1.0,1.0,0.0,0.0,0.0,1.0,0.0,0.8,0.8,1.4,2.2,10.0,36.0,24.0,0.0,0.14,0.14,0.0,0.14,0.12,0.19,0.31,0.12,0.31,Matches,spurs,7.0
490,Pape Matar Sarr,sn SEN,MF,21-039,,7,557.0,6.2,1.0,1.0,2.0,1.0,0.0,0.0,2.0,0.0,1.7,1.7,0.9,2.6,11.0,48.0,23.0,0.16,0.16,0.32,0.16,0.32,0.27,0.14,0.41,0.27,0.41,Matches,spurs,8.0
491,Richarlison,br BRA,FW,26-166,,5,395.0,4.4,1.0,2.0,3.0,1.0,0.0,0.0,2.0,0.0,2.5,2.5,0.8,3.4,7.0,12.0,37.0,0.23,0.46,0.68,0.23,0.68,0.58,0.19,0.77,0.58,0.77,Matches,spurs,8.0
492,Manor Solomon,il ISR,FW,24-091,,2,199.0,2.2,0.0,2.0,2.0,0.0,0.0,0.0,1.0,0.0,0.4,0.4,0.8,1.2,17.0,11.0,44.0,0.0,0.9,0.9,0.0,0.9,0.19,0.38,0.56,0.19,0.56,Matches,spurs,5.0
493,Oliver Skipp,eng ENG,MF,23-037,,1,120.0,1.3,0.0,0.0,0.0,0.0,0.0,0.0,1.0,0.0,0.0,0.0,0.0,0.0,0.0,6.0,6.0,0.0,0.0,0.0,0.0,0.0,0.0,0.0,0.0,0.0,0.0,Matches,spurs,5.0
494,Emerson,br BRA,DF,24-282,,1,114.0,1.3,1.0,0.0,1.0,1.0,0.0,0.0,0.0,0.0,0.0,0.0,0.0,0.0,9.0,9.0,3.0,0.79,0.0,0.79,0.79,0.79,0.03,0.0,0.03,0.03,0.03,Matches,spurs,5.0
495,Brennan Johnson,wls WAL,FW,22-153,,1,73.0,0.8,0.0,0.0,0.0,0.0,0.0,0.0,0.0,0.0,0.6,0.6,0.1,0.7,5.0,0.0,10.0,0.0,0.0,0.0,0.0,0.0,0.72,0.1,0.82,0.72,0.82,Matches,spurs,2.0
496,Pierre Højbjerg,dk DEN,MF,28-079,,0,129.0,1.4,0.0,0.0,0.0,0.0,0.0,0.0,2.0,0.0,0.1,0.1,0.0,0.1,0.0,10.0,4.0,0.0,0.0,0.0,0.0,0.0,0.04,0.0,0.04,0.04,0.04,Matches,spurs,7.0
497,Ivan Perišić,hr CRO,FW,34-263,,0,103.0,1.1,0.0,1.0,1.0,0.0,0.0,0.0,2.0,0.0,0.1,0.1,0.9,1.0,15.0,9.0,17.0,0.0,0.87,0.87,0.0,0.87,0.1,0.75,0.85,0.1,0.85,Matches,spurs,5.0
498,Davinson Sánchez,co COL,DF,27-133,,0,77.0,0.9,0.0,0.0,0.0,0.0,0.0,0.0,1.0,0.0,0.1,0.1,0.0,0.1,0.0,2.0,0.0,0.0,0.0,0.0,0.0,0.0,0.14,0.0,0.14,0.14,0.14,Matches,spurs,1.0
499,Ben Davies,wls WAL,DF,30-182,,0,47.0,0.5,0.0,0.0,0.0,0.0,0.0,0.0,0.0,0.0,0.6,0.6,0.0,0.6,0.0,6.0,2.0,0.0,0.0,0.0,0.0,0.0,1.07,0.0,1.07,1.07,1.07,Matches,spurs,4.0
500,Giovani Lo Celso,ar ARG,MF,27-197,,0,17.0,0.2,0.0,0.0,0.0,0.0,0.0,0.0,0.0,0.0,0.0,0.0,0.0,0.0,2.0,3.0,2.0,0.0,0.0,0.0,0.0,0.0,0.0,0.16,0.16,0.0,0.16,Matches,spurs,1.0
501,Alejo Véliz,ar ARG,"MF,FW",20-034,,0,2.0,0.0,0.0,0.0,0.0,0.0,0.0,0.0,1.0,0.0,0.0,0.0,0.0,0.0,0.0,0.0,0.0,0.0,0.0,0.0,0.0,0.0,0.0,0.0,0.0,0.0,0.0,Matches,spurs,2.0
502,Brandon Austin,eng ENG,GK,24-288,,0,,,,,,,,,,,,,,,,,,,,,,,,,,,,Matches,spurs,0.0
503,Eric Dier,eng ENG,"DF,MF",29-281,,0,,,,,,,,,,,,,,,,,,,,,,,,,,,,Matches,spurs,0.0
504,Jamie Donley,eng ENG,FW,18-293,,0,,,,,,,,,,,,,,,,,,,,,,,,,,,,Matches,spurs,0.0
505,Fraser Forster,eng ENG,GK,35-220,,0,,,,,,,,,,,,,,,,,,,,,,,,,,,,Matches,spurs,0.0
506,Bryan Gil,es ESP,"FW,MF",22-254,,0,,,,,,,,,,,,,,,,,,,,,,,,,,,,Matches,spurs,0.0
507,Ashley Phillips,wls WAL,DF,18-089,,0,,,,,,,,,,,,,,,,,,,,,,,,,,,,Matches,spurs,0.0
508,Alphonse Areola,fr FRA,GK,30-238,,9,810.0,9.0,0.0,0.0,0.0,0.0,0.0,0.0,0.0,0.0,0.0,0.0,0.0,0.0,0.0,0.0,0.0,0.0,0.0,0.0,0.0,0.0,0.0,0.0,0.0,0.0,0.0,Matches,west_ham,9.0
509,Emerson Palmieri,it ITA,DF,29-081,,9,810.0,9.0,0.0,1.0,1.0,0.0,0.0,0.0,5.0,0.0,0.1,0.1,1.6,1.7,15.0,33.0,27.0,0.0,0.11,0.11,0.0,0.11,0.01,0.18,0.19,0.01,0.19,Matches,west_ham,9.0
510,Kurt Zouma,fr FRA,DF,28-361,,9,810.0,9.0,1.0,0.0,1.0,1.0,0.0,0.0,1.0,0.0,0.6,0.6,0.0,0.6,0.0,11.0,0.0,0.11,0.0,0.11,0.11,0.11,0.06,0.0,0.07,0.06,0.07,Matches,west_ham,9.0
511,Jarrod Bowen,eng ENG,"FW,MF",26-307,,9,809.0,9.0,6.0,1.0,7.0,6.0,0.0,0.0,1.0,0.0,3.7,3.7,1.0,4.6,23.0,14.0,44.0,0.67,0.11,0.78,0.67,0.78,0.41,0.11,0.52,0.41,0.52,Matches,west_ham,9.0
512,Vladimír Coufal,cz CZE,DF,31-062,,9,806.0,9.0,0.0,4.0,4.0,0.0,0.0,0.0,0.0,0.0,0.0,0.0,1.1,1.1,25.0,31.0,22.0,0.0,0.45,0.45,0.0,0.45,0.0,0.13,0.13,0.0,0.13,Matches,west_ham,9.0
513,Lucas Paquetá,br BRA,"FW,MF",26-057,,9,792.0,8.8,1.0,1.0,2.0,0.0,1.0,1.0,4.0,0.0,1.9,1.1,1.5,2.5,9.0,56.0,28.0,0.11,0.11,0.23,0.0,0.11,0.21,0.17,0.38,0.12,0.29,Matches,west_ham,9.0
514,Michail Antonio,jm JAM,FW,33-209,,9,682.0,7.6,2.0,1.0,3.0,2.0,0.0,0.0,2.0,0.0,1.1,1.1,0.6,1.7,20.0,10.0,35.0,0.26,0.13,0.4,0.26,0.4,0.14,0.08,0.22,0.14,0.22,Matches,west_ham,9.0
515,James Ward-Prowse,eng ENG,MF,28-356,,8,710.0,7.9,2.0,3.0,5.0,2.0,0.0,0.0,1.0,0.0,1.6,1.6,2.3,4.0,6.0,26.0,19.0,0.25,0.38,0.63,0.25,0.63,0.21,0.3,0.5,0.21,0.5,Matches,west_ham,8.0
516,Nayef Aguerd,ma MAR,DF,27-207,,8,696.0,7.7,1.0,0.0,1.0,1.0,0.0,0.0,2.0,1.0,0.8,0.8,0.0,0.8,2.0,14.0,0.0,0.13,0.0,0.13,0.13,0.13,0.1,0.0,0.1,0.1,0.1,Matches,west_ham,8.0
517,Tomáš Souček,cz CZE,MF,28-238,,8,608.0,6.8,2.0,1.0,3.0,2.0,0.0,0.0,1.0,0.0,2.6,2.6,0.6,3.2,3.0,15.0,5.0,0.3,0.15,0.44,0.3,0.44,0.38,0.09,0.48,0.38,0.48,Matches,west_ham,8.0
518,Edson Álvarez,mx MEX,MF,25-364,,7,591.0,6.6,0.0,1.0,1.0,0.0,0.0,0.0,4.0,0.0,0.2,0.2,0.1,0.3,3.0,14.0,7.0,0.0,0.15,0.15,0.0,0.15,0.04,0.02,0.05,0.04,0.05,Matches,west_ham,8.0
519,Saïd Benrahma,dz ALG,"FW,MF",28-074,,3,339.0,3.8,0.0,1.0,1.0,0.0,0.0,0.0,0.0,0.0,0.5,0.5,0.9,1.3,19.0,17.0,43.0,0.0,0.27,0.27,0.0,0.27,0.13,0.23,0.35,0.13,0.35,Matches,west_ham,7.0
520,Pablo Fornals,es ESP,"MF,FW",27-243,,1,145.0,1.6,0.0,0.0,0.0,0.0,0.0,0.0,0.0,0.0,0.2,0.2,0.1,0.3,2.0,9.0,10.0,0.0,0.0,0.0,0.0,0.0,0.15,0.07,0.22,0.15,0.22,Matches,west_ham,7.0
521,Angelo Ogbonna,it ITA,DF,35-153,,1,112.0,1.2,0.0,0.0,0.0,0.0,0.0,0.0,0.0,0.0,0.0,0.0,0.0,0.0,0.0,1.0,0.0,0.0,0.0,0.0,0.0,0.0,0.0,0.0,0.0,0.0,0.0,Matches,west_ham,2.0
522,Kudus Mohammed,gh GHA,"MF,FW",23-082,,0,100.0,1.1,1.0,0.0,1.0,1.0,0.0,0.0,0.0,0.0,0.1,0.1,0.0,0.1,4.0,4.0,7.0,0.9,0.0,0.9,0.9,0.9,0.07,0.03,0.1,0.07,0.1,Matches,west_ham,6.0
523,Danny Ings,eng ENG,"FW,MF",31-092,,0,43.0,0.5,0.0,0.0,0.0,0.0,0.0,0.0,0.0,0.0,0.1,0.1,0.0,0.1,0.0,1.0,6.0,0.0,0.0,0.0,0.0,0.0,0.26,0.0,0.26,0.26,0.26,Matches,west_ham,6.0
524,Thilo Kehrer,de GER,"DF,MF",27-032,,0,21.0,0.2,0.0,0.0,0.0,0.0,0.0,0.0,1.0,0.0,0.0,0.0,0.0,0.0,0.0,0.0,1.0,0.0,0.0,0.0,0.0,0.0,0.0,0.0,0.0,0.0,0.0,Matches,west_ham,3.0
525,Maxwel Cornet,ci CIV,MF,27-026,,0,1.0,0.0,0.0,0.0,0.0,0.0,0.0,0.0,0.0,0.0,0.0,0.0,0.0,0.0,0.0,0.0,0.0,0.0,0.0,0.0,0.0,0.0,0.0,0.0,0.0,0.0,0.0,Matches,west_ham,1.0
526,Konstantinos Mavropanos,gr GRE,DF,25-316,,0,1.0,0.0,0.0,0.0,0.0,0.0,0.0,0.0,0.0,0.0,0.0,0.0,0.0,0.0,0.0,0.0,0.0,0.0,0.0,0.0,0.0,0.0,0.0,0.0,0.0,0.0,0.0,Matches,west_ham,1.0
527,Joseph Anang,eng ENG,GK,23-137,,0,,,,,,,,,,,,,,,,,,,,,,,,,,,,Matches,west_ham,0.0
528,Conor Coventry,ie IRL,MF,23-212,,0,,,,,,,,,,,,,,,,,,,,,,,,,,,,Matches,west_ham,0.0
529,Aaron Cresswell,eng ENG,"DF,MF",33-312,,0,,,,,,,,,,,,,,,,,,,,,,,,,,,,Matches,west_ham,0.0
530,Łukasz Fabiański,pl POL,GK,38-188,,0,,,,,,,,,,,,,,,,,,,,,,,,,,,,Matches,west_ham,0.0
531,Ben Johnson,eng ENG,DF,23-272,,0,,,,,,,,,,,,,,,,,,,,,,,,,,,,Matches,west_ham,0.0
532,Divin Mubama,eng ENG,FW,18-363,,0,,,,,,,,,,,,,,,,,,,,,,,,,,,,Matches,west_ham,0.0
533,Max Kilman,eng ENG,DF,26-153,,9,810.0,9.0,0.0,0.0,0.0,0.0,0.0,0.0,2.0,0.0,0.4,0.4,0.4,0.9,10.0,27.0,1.0,0.0,0.0,0.0,0.0,0.0,0.05,0.04,0.09,0.05,0.09,Matches,wolves,9.0
534,Pedro Neto,pt POR,"FW,MF",23-228,,9,810.0,9.0,1.0,6.0,7.0,1.0,0.0,0.0,3.0,0.0,2.2,2.2,2.7,4.9,48.0,28.0,74.0,0.11,0.67,0.78,0.11,0.78,0.25,0.29,0.54,0.25,0.54,Matches,wolves,9.0
535,José Sá,pt POR,GK,30-279,,9,810.0,9.0,0.0,0.0,0.0,0.0,0.0,0.0,1.0,0.0,0.0,0.0,0.0,0.0,0.0,0.0,0.0,0.0,0.0,0.0,0.0,0.0,0.0,0.0,0.0,0.0,0.0,Matches,wolves,9.0
536,Craig Dawson,eng ENG,DF,33-170,,9,790.0,8.8,0.0,0.0,0.0,0.0,0.0,0.0,3.0,0.0,0.7,0.7,0.6,1.3,1.0,23.0,2.0,0.0,0.0,0.0,0.0,0.0,0.08,0.07,0.15,0.08,0.15,Matches,wolves,9.0
537,Matheus Cunha,br BRA,FW,24-149,,9,711.0,7.9,2.0,1.0,3.0,2.0,0.0,0.0,1.0,0.0,2.6,2.6,1.3,3.9,26.0,18.0,27.0,0.25,0.13,0.38,0.25,0.38,0.32,0.16,0.49,0.32,0.49,Matches,wolves,9.0
538,João Gomes,br BRA,MF,22-253,,9,670.0,7.4,0.0,0.0,0.0,0.0,0.0,0.0,3.0,0.0,0.2,0.2,0.3,0.4,4.0,20.0,5.0,0.0,0.0,0.0,0.0,0.0,0.02,0.04,0.06,0.02,0.06,Matches,wolves,9.0
539,Nélson Semedo,pt POR,"DF,MF",29-341,,8,713.0,7.9,0.0,0.0,0.0,0.0,0.0,0.0,4.0,0.0,0.6,0.6,0.0,0.6,15.0,29.0,27.0,0.0,0.0,0.0,0.0,0.0,0.08,0.0,0.08,0.08,0.08,Matches,wolves,8.0
540,Mario Lemina,ga GAB,MF,30-052,,8,706.0,7.8,0.0,0.0,0.0,0.0,0.0,0.0,6.0,1.0,1.0,1.0,0.0,1.0,4.0,20.0,6.0,0.0,0.0,0.0,0.0,0.0,0.13,0.01,0.13,0.13,0.13,Matches,wolves,8.0
541,Rayan Aït Nouri,dz ALG,"DF,MF",22-139,,8,604.0,6.7,0.0,0.0,0.0,0.0,0.0,0.0,2.0,0.0,0.5,0.5,0.3,0.8,12.0,35.0,24.0,0.0,0.0,0.0,0.0,0.0,0.08,0.04,0.12,0.08,0.12,Matches,wolves,9.0
542,Hwang Hee-chan,kr KOR,"FW,MF",27-270,,6,504.0,5.6,5.0,1.0,6.0,5.0,0.0,0.0,3.0,0.0,1.8,1.8,1.1,2.9,12.0,13.0,27.0,0.89,0.18,1.07,0.89,1.07,0.31,0.2,0.52,0.31,0.52,Matches,wolves,9.0
543,Toti Gomes,pt POR,DF,24-280,,3,325.0,3.6,0.0,0.0,0.0,0.0,0.0,0.0,0.0,0.0,0.0,0.0,0.0,0.0,5.0,7.0,0.0,0.0,0.0,0.0,0.0,0.0,0.0,0.0,0.0,0.0,0.0,Matches,wolves,6.0
544,Fábio Silva,pt POR,FW,21-096,,3,254.0,2.8,0.0,0.0,0.0,0.0,0.0,0.0,1.0,0.0,1.0,1.0,0.2,1.2,5.0,10.0,12.0,0.0,0.0,0.0,0.0,0.0,0.37,0.07,0.44,0.37,0.44,Matches,wolves,7.0
545,Pablo Sarabia,es ESP,"FW,MF",31-165,,2,189.0,2.1,0.0,1.0,1.0,0.0,0.0,0.0,1.0,0.0,0.4,0.4,1.5,1.9,4.0,9.0,19.0,0.0,0.48,0.48,0.0,0.48,0.19,0.73,0.92,0.19,0.92,Matches,wolves,5.0
546,Matheus Nunes,pt POR,MF,25-057,,2,179.0,2.0,0.0,0.0,0.0,0.0,0.0,0.0,2.0,1.0,0.1,0.1,0.1,0.2,7.0,8.0,9.0,0.0,0.0,0.0,0.0,0.0,0.04,0.05,0.09,0.04,0.09,Matches,wolves,2.0
547,Jean-Ricner Bellegarde,fr FRA,MF,25-118,,2,114.0,1.3,0.0,0.0,0.0,0.0,0.0,0.0,0.0,1.0,0.0,0.0,0.0,0.1,6.0,5.0,2.0,0.0,0.0,0.0,0.0,0.0,0.03,0.02,0.05,0.03,0.05,Matches,wolves,2.0
548,Matt Doherty,ie IRL,"MF,FW",31-280,,1,228.0,2.5,0.0,0.0,0.0,0.0,0.0,0.0,0.0,0.0,0.2,0.2,0.5,0.7,1.0,3.0,14.0,0.0,0.0,0.0,0.0,0.0,0.06,0.2,0.26,0.06,0.26,Matches,wolves,5.0
549,Boubacar Traoré,ml MLI,"MF,FW",22-064,,1,186.0,2.1,0.0,0.0,0.0,0.0,0.0,0.0,1.0,0.0,0.0,0.0,0.0,0.0,3.0,5.0,4.0,0.0,0.0,0.0,0.0,0.0,0.01,0.01,0.02,0.01,0.02,Matches,wolves,6.0
550,Hugo Bueno,es ESP,DF,21-035,,1,145.0,1.6,0.0,0.0,0.0,0.0,0.0,0.0,0.0,0.0,0.2,0.2,0.1,0.3,7.0,3.0,13.0,0.0,0.0,0.0,0.0,0.0,0.11,0.07,0.19,0.11,0.19,Matches,wolves,6.0
551,Tommy Doyle,eng ENG,MF,22-006,,0,60.0,0.7,0.0,0.0,0.0,0.0,0.0,0.0,0.0,0.0,0.0,0.0,0.0,0.0,3.0,10.0,3.0,0.0,0.0,0.0,0.0,0.0,0.0,0.04,0.04,0.0,0.04,Matches,wolves,3.0
552,Sasa Kalajdzic,at AUT,FW,26-108,,0,43.0,0.5,2.0,0.0,2.0,2.0,0.0,0.0,0.0,0.0,0.9,0.9,0.7,1.6,0.0,2.0,2.0,4.19,0.0,4.19,4.19,4.19,1.88,1.44,3.32,1.88,3.32,Matches,wolves,5.0
553,Jonny Castro,es ESP,MF,29-234,,0,5.0,0.1,0.0,0.0,0.0,0.0,0.0,0.0,0.0,0.0,0.0,0.0,0.0,0.0,0.0,0.0,0.0,0.0,0.0,0.0,0.0,0.0,0.0,0.0,0.0,0.0,0.0,Matches,wolves,1.0
554,Daniel Bentley,eng ENG,GK,30-102,,0,,,,,,,,,,,,,,,,,,,,,,,,,,,,Matches,wolves,0.0
555,Santiago Bueno,uy URU,DF,24-348,,0,,,,,,,,,,,,,,,,,,,,,,,,,,,,Matches,wolves,0.0
556,Nathan Fraser,ie IRL,FW,18-243,,0,,,,,,,,,,,,,,,,,,,,,,,,,,,,Matches,wolves,0.0
557,Enso Gonzalez,py PAR,MF,18-276,,0,,,,,,,,,,,,,,,,,,,,,,,,,,,,Matches,wolves,0.0
558,Joseph Hodge,ie IRL,MF,21-039,,0,,,,,,,,,,,,,,,,,,,,,,,,,,,,Matches,wolves,0.0
